"","x"
"ATAATGACGAGGGT-1","10"
"ACCCGTTGCATGGT-1","10"
"AGTATAACCTGAGT-1","10"
"TCGACGCTTGCGTA-1","10"
"CCAGACCTCGCAAT-1","10"
"TGTAACCTGGTGGA-1","10"
"ACCCGTTGACGCAT-1","10"
"AATGTAACTGTCGA-1","10"
"GTGGTAACTACGCA-1","10"
"TGCTATACAACCGT-1","15"
"GCCACGGAGCTTCC-1","10"
"TTAGGGACGGTGTT-1","11"
"TCGACGCTGCTACA-1","10"
"AGTGACTGGGAGCA-1","10"
"GGCGACTGGGAGGT-1","10"
"CCCAGACTGGGTGA-1","10"
"GTACGAACTTGGTG-1","11"
"AGGGTGGAGATGAA-1","10"
"TATCCAACGCCCTT-1","10"
"GAACGGGACACTAG-1","10"
"TTAGGGTGAAAACG-1","10"
"GATTACCTTTGCTT-1","10"
"GGAGTTACCATGGT-1","10"
"ACCACCTGAACGGG-1","10"
"GGACGCACAGTCAC-1","10"
"CAAGAAGAAACCTG-1","10"
"TAGTCTTGGGCATT-1","10"
"GACGTATGCTGCAA-1","10"
"CCCTGATGGAAAGT-1","10"
"CTTACAACAAGAGT-1","10"
"ACTCCCGATCAGTG-1","10"
"CCGAAAACACGGAG-1","10"
"ATTGGTCTAAAAGC-1","10"
"TCTAACTGGTCGAT-1","6"
"TACTTGACAAGGGC-1","10"
"CGTGATGATTCGGA-1","10"
"CCCAAAGACGGAGA-1","10"
"CTGTATACTTGCTT-1","10"
"TTAGTCACACTGGT-1","10"
"GAAGAATGCTCCCA-1","10"
"GAAATACTGTCCTC-1","10"
"GTTAAAACCGTGTA-1","13"
"AGTGACACTCCAGA-1","10"
"CTCAGCTGGACACT-1","9"
"AGAGATGAAGCACT-1","10"
"GGACGCACAGATCC-1","10"
"CTAAGGACTAGCGT-1","10"
"GGCCACGAGCAGTT-1","10"
"TGCCAGCTTTGTGG-1","10"
"ATTGGTCTCTTCGC-1","10"
"ATCGCCTGATTGGC-1","10"
"ACGGAGGAGAGGCA-1","10"
"TTAGTCACCAAAGA-1","11"
"AGGGTGGACTTGAG-1","10"
"AGTGAAGAGTTGAC-1","10"
"AATAACACGTTAGC-1","9"
"TAAATGTGAAGAGT-1","10"
"GGACGAGAAACGGG-1","11"
"CACCGGGAAAAGCA-1","10"
"TGACCGCTGTCAAC-1","10"
"ATATACGACTACTT-1","10"
"ATCTGACTAGCCTA-1","10"
"CTTGAACTCTTGCC-1","9"
"GCCCAGGAGAGGAC-1","10"
"CACTGCACGAGCTT-1","9"
"CCCTCAGAAGCCAT-1","9"
"TAGGAGCTCATCAG-1","10"
"CCACTGACAGCACT-1","10"
"GGATGTTGCCTCCA-1","11"
"GTCTGAGAGTCCTC-1","9"
"GACAACACTCTCAT-1","11"
"AGACTCGATACGCA-1","10"
"AACAATACGGGCAA-1","15"
"CAATCGGAAAGATG-1","15"
"TAGAATTGTGCTCC-1","10"
"CTCAGGCTTTATCC-1","13"
"GGAGGTGAGTGCTA-1","6"
"CATGCCACCCGCTT-1","11"
"GAGGGTGATGATGC-1","9"
"TACATAGACATTCT-1","11"
"CAGACCCTATTCGG-1","9"
"TGTGACGATGGAAA-1","15"
"GATCATCTCACTAG-1","10"
"ATTTAGGATCCTGC-1","6"
"CGATACGAGTGAGG-1","10"
"ATAAACACAGTCAC-1","9"
"AGGCAGGAATACCG-1","11"
"TATCGTACCCGAAT-1","10"
"GGGTAACTAGACTC-1","11"
"AAATGTTGATTGGC-1","9"
"CAAGACACTTCTGT-1","6"
"ATCCTAACGTCTTT-1","13"
"GGGTTATGGGACGA-1","10"
"AGGTCATGATCGAC-1","15"
"TAAACAACCACTAG-1","9"
"CTCAGGCTTTCGCC-1","6"
"GGAGACGATTGCAG-1","9"
"AAAGGCCTTCCCGT-1","9"
"GTCAACGAGCTCCT-1","10"
"CGAATCGAATGCCA-1","9"
"AAACTTGATACTCT-1","9"
"ATTACCACTAGACC-1","9"
"ATTATGGATGGAGG-1","10"
"CTGACCACCTAGAC-1","10"
"CAGACCCTCAGGAG-1","15"
"TTCAGTACGCAAGG-1","11"
"AATGGAGACCTTTA-1","11"
"GGCGACTGCCGAAT-1","6"
"ACACCCTGGTATCG-1","13"
"AGTCTACTTTCCGC-1","11"
"GGGTTAACCGACTA-1","11"
"TACAATGAAACCTG-1","11"
"GGCATATGTGACAC-1","10"
"AGCCAATGTCGTAG-1","13"
"CCAGCACTGCAGTT-1","9"
"GTACGAACGGGCAA-1","11"
"CATGCCACTCTTCA-1","9"
"ACCACAGAACGGAG-1","15"
"CTGAGAACAGAACA-1","9"
"GAGGACGACTTCGC-1","9"
"GTGACCCTTGACAC-1","11"
"CATAAATGTCCCGT-1","9"
"TTATGAGAATACCG-1","9"
"GGTGGAGACAGATC-1","11"
"GTGATGACGTTACG-1","10"
"GTGTACGAAACGGG-1","11"
"GACGTATGGGTTCA-1","15"
"TCTAAGCTTACGCA-1","11"
"TATCCAACCTACTT-1","9"
"GAAGTCTGCGGAGA-1","6"
"CCTATAACAATGCC-1","9"
"GATAGAGAAGGTTC-1","13"
"ATGTTAGATGAGCT-1","11"
"CGGGACTGAGAATG-1","9"
"GGGCAAGATAGTCG-1","11"
"AGGGTGGATCCTCG-1","9"
"GGTACTGACTGGAT-1","6"
"ATGCGATGTTTGCT-1","15"
"TTATGCACATGCCA-1","11"
"TATCTCGAACCTCC-1","10"
"CATTAGCTGAATAG-1","11"
"TACTTTCTACTTTC-1","6"
"GACAACACTGCCAA-1","13"
"TACTTGACTCATTC-1","6"
"CTTTCAGATTTGGG-1","13"
"GCGGAGCTATTTCC-1","5"
"CTTTAGACAAAGTG-1","6"
"GACCTCACGGACAG-1","9"
"AGTCTTACCCTCCA-1","11"
"TGGATTCTACGTGT-1","9"
"ACGGGAGAAACTGC-1","9"
"ACGCCACTTGATGC-1","6"
"CATGTTACGGAAAT-1","13"
"AGCGTAACGTTCAG-1","15"
"TTCAGTTGGTGCTA-1","11"
"ATAGGCTGAGAGTA-1","10"
"AAACGCTGATTCGG-1","13"
"CAACGAACTGCCAA-1","6"
"TACTTTCTGGATCT-1","11"
"GCCCAGGATTGACG-1","9"
"AGTTCTTGTATCGG-1","9"
"TAGAGAGATGGAAA-1","6"
"AATCTCTGTCCTTA-1","11"
"CGTCAAGAAGTCAC-1","11"
"CTAGGTGAACCAAC-1","9"
"TACCGAGACAGAGG-1","13"
"ATGTACCTCCCGTT-1","6"
"GTGCTAGAACGTGT-1","13"
"GCAGCCGAAGACTC-1","11"
"TAGAAACTGGTCAT-1","6"
"TGGATGTGGGTGAG-1","9"
"GTAGGTACGCTGTA-1","11"
"GAGTGGGAAAGATG-1","11"
"TTGTAGCTCAAGCT-1","15"
"CACTTATGGGTAGG-1","10"
"ATGCTTTGGTGCTA-1","15"
"TTCGTATGGGCAAG-1","11"
"TCGACCTGACTGTG-1","14"
"ACGACAACAGCACT-1","9"
"GAGCAACTTGGATC-1","9"
"CAAGTTCTGGCGAA-1","9"
"AATGGCTGTATGGC-1","13"
"TACTTTCTCCACAA-1","14"
"GCACCACTTTCGGA-1","11"
"GCACGTCTTGGGAG-1","15"
"ATGCCAGATGCTAG-1","6"
"ACGTTGGAGGTGAG-1","11"
"GAGGTGGATCCTGC-1","9"
"CATAACCTTAAGCC-1","13"
"ACGCGGTGCGACAT-1","11"
"ATCGACGATCCGTC-1","9"
"CCTATTGACAAAGA-1","11"
"ACTAAAACTGCTAG-1","13"
"TAGAATACCAAGCT-1","10"
"ATCACTACCGTTAG-1","11"
"CGGACTCTCGTGTA-1","9"
"ATTGAAACATTGGC-1","11"
"GAAGTAGATTCTCA-1","9"
"GTTAGTCTTCGTTT-1","9"
"CCTATTGAAGCTCA-1","6"
"CTACGCACACACAC-1","6"
"AACTTGCTAGAATG-1","6"
"TGCAATCTGTCTAG-1","11"
"CTTGAGGATTCCGC-1","6"
"CAGACCCTGACGAG-1","13"
"CCTTTAGAATGTGC-1","11"
"TCGAGCCTATTTCC-1","9"
"CCACCATGTCCGAA-1","13"
"TCACAACTTGCACA-1","9"
"ACCTGGCTAAGAAC-1","9"
"TGGAAGCTAAGAAC-1","9"
"CATTGTACAGGTTC-1","9"
"TGACGCCTACGTGT-1","11"
"GGACGAGAAAAGTG-1","9"
"GAGCGCACCGACTA-1","13"
"TCCCACGACTATTC-1","14"
"GAAAGCCTTGAAGA-1","9"
"AGGCCTCTTCAGAC-1","9"
"CGGTACCTGTGTAC-1","9"
"TATAAGTGCATTCT-1","10"
"CAGGAACTTCGTGA-1","10"
"ACGAAGCTGTTTGG-1","11"
"TAAGCTCTTGCAAC-1","9"
"TAGACGTGTGAAGA-1","6"
"ATGTTCACAGCGTT-1","13"
"CAATCGGATGCATG-1","9"
"ATTGCGGACCACAA-1","3"
"ACACGATGCCGAAT-1","9"
"CCTGGACTCCAACA-1","9"
"AGCCTCACAGTGCT-1","9"
"CTGTGAGATCATTC-1","11"
"ACTGGCCTTTCTAC-1","6"
"CGTCAAGAGCAAGG-1","9"
"AGGAAATGGTGTCA-1","9"
"AACGGTACGTTGTG-1","6"
"GAGGGCCTGTTGAC-1","6"
"GTGGTAACCCCAAA-1","1"
"GGACGAGATGTCGA-1","9"
"TTCGATTGGATAAG-1","10"
"GCAAGACTTTCTAC-1","6"
"TTGAGGTGAACAGA-1","1"
"TCATTGACCCAATG-1","2"
"GTCCCATGACGCAT-1","9"
"CGGTACCTACCAGT-1","11"
"GAGGTACTAGCTAC-1","6"
"TCGTGAGACTGGAT-1","13"
"GCGGAGCTCTGGAT-1","11"
"AGCGATACAGCAAA-1","3"
"CGTACAGAGACTAC-1","6"
"TGCGATGACAGAGG-1","14"
"AACACTCTAGGAGC-1","9"
"TCACTATGGACTAC-1","1"
"AGGAGTCTGCCTTC-1","9"
"AATAACACGGTGAG-1","11"
"GCGAGCACTCGTGA-1","9"
"CTTTAGTGAAGATG-1","6"
"GTAGCCCTGGTCTA-1","9"
"ACAACCGATGAAGA-1","13"
"TTCCAAACCGAATC-1","9"
"GGCCCAGAGCTATG-1","11"
"CACAACGATGCACA-1","13"
"GGAGTTACCCGATA-1","1"
"GTCAACGAACACCA-1","11"
"TAAATGTGAGGAGC-1","11"
"TAGAAACTTACTTC-1","13"
"TCCTATGACCCACT-1","6"
"GTAGTGACTAAAGG-1","9"
"CCGGTACTGAGCTT-1","9"
"GAGTACACGGTAAA-1","6"
"TATTGCTGCGTCTC-1","9"
"CATGAGACTAGCCA-1","13"
"TGAGTCGAAGCGGA-1","9"
"AACCAGTGCTTGGA-1","10"
"CACGGGTGGGAAAT-1","13"
"CTCAGCACTGAAGA-1","6"
"TACTGTTGGGACGA-1","2"
"GCTTGAGAACACGT-1","6"
"TGGAGGGATTGAGC-1","9"
"TCAGTGGAGTAAGA-1","6"
"CCAGCGGAGCATCA-1","6"
"AAGTAACTTCACCC-1","14"
"TAGCTACTCCTGTC-1","11"
"CGGTAAACGGCAAG-1","9"
"GCACCTACTTTGTC-1","9"
"TACGATCTTGCCAA-1","9"
"GAGGGAACTCACGA-1","9"
"AAACGCTGGTCATG-1","10"
"AGGATGCTCCGATA-1","1"
"AGTGACACTTCATC-1","11"
"ACCTGGCTATGCTG-1","1"
"TGGATTCTGCGATT-1","13"
"ACTCGCACTTTGTC-1","13"
"TAGTCGGACTGGAT-1","13"
"GATAATACGTCTGA-1","5"
"GATAGCACGTACAC-1","13"
"AGACACACCTATGG-1","7"
"ACTGCCACGCGTAT-1","11"
"TATGGTCTTTTCAC-1","11"
"TCTTCAGACAGATC-1","6"
"CGGCGAACTCTCTA-1","2"
"ATCAGGTGACGTGT-1","11"
"GAGCAACTCTTGTT-1","11"
"CTAATAGACACTCC-1","11"
"AAAGCCTGACACAC-1","9"
"AGAGCTACCTGCTC-1","1"
"TAAGGGCTCTTGTT-1","11"
"CCGGAGTGCGAATC-1","6"
"GATCGAACCTCCCA-1","6"
"GCCTAGCTCTGACA-1","11"
"CGACCTTGCGTTGA-1","5"
"AAGAACGAGGACTT-1","11"
"GGAACTTGTAGAGA-1","11"
"ATCTACTGGAGGCA-1","6"
"CCTAGAGAGGTAGG-1","11"
"AGAGAAACCTTGCC-1","11"
"GACGCCGACAGGAG-1","3"
"CATCAGGATCGCAA-1","2"
"TAGTCGGAGCCTTC-1","1"
"CTATGACTGGTGGA-1","1"
"GAGCAGGATAGACC-1","2"
"AAGTAGGAGGTGTT-1","6"
"CCAATGGACTGGTA-1","1"
"AAGTGGCTGGGATG-1","14"
"AGACACTGCTCTCG-1","6"
"TCAATCACCTGCAA-1","9"
"CGCCATACGATGAA-1","7"
"CCATCCGAGTAAAG-1","2"
"CCAAAGTGAATCGC-1","9"
"CCTAAACTTCTTAC-1","6"
"CGTAGCCTGTCATG-1","2"
"GATGCATGAAACGA-1","5"
"TTAGGGTGCTAAGC-1","1"
"CAGCAATGACTCTT-1","4"
"TACTACACCTTAGG-1","9"
"AGAACAGATGTCCC-1","11"
"GGTACATGGAGGTG-1","8"
"AGGGACGATGCGTA-1","10"
"CACGGGTGGCTAAC-1","9"
"GGATTGTGTGACTG-1","13"
"TAAAGACTGCGAAG-1","14"
"GAGCATACCTATGG-1","9"
"TAGGGACTTGCATG-1","13"
"CGAGAACTGTTCGA-1","13"
"CCCAACACGCTAAC-1","15"
"CCCAAAGACGGTAT-1","13"
"ACAGCAACTTCTTG-1","13"
"ATGATATGGGTTCA-1","3"
"ATCACTACCTTACT-1","2"
"AAGTGGCTGGCGAA-1","4"
"ACGGTCCTGTTGGT-1","1"
"ACACAGACCTACCC-1","13"
"ACAGTGTGCGGTAT-1","14"
"TAACATGACTTATC-1","11"
"TCGAGCCTGTTTGG-1","1"
"GAATGCACAGTCAC-1","1"
"AGGATGCTCATGGT-1","1"
"TCAGACGAATCGGT-1","6"
"CCCACATGGTCGAT-1","4"
"AGCTGCCTTCCTGC-1","1"
"CACCACTGCATGCA-1","2"
"TAATGATGATCTTC-1","1"
"CTATCCCTGGTATC-1","6"
"TAACCGGAGACAAA-1","2"
"CTTCTAGAGTGTCA-1","6"
"TCATCATGTACTCT-1","2"
"AGAGAAACAGTCAC-1","13"
"GCGCGATGTTCGGA-1","1"
"CAGTTACTGAATCC-1","12"
"GAGGTACTCTCAAG-1","1"
"CAAAGCTGGCATCA-1","1"
"ATTAGTGATGTAGC-1","1"
"TAAGCGTGGTTCTT-1","1"
"ACGCACCTTAGAAG-1","2"
"CGCGGATGACCAAC-1","13"
"GGACCTCTTCACGA-1","4"
"GCGGCAACATCGGT-1","6"
"TACGTACTGAATCC-1","1"
"CCGACTACACAGCT-1","6"
"GGTATGACACGGTT-1","1"
"TTAGTCACAGTCAC-1","4"
"GAGGGTGAGAACCT-1","11"
"CCTCGAACCTGTTT-1","11"
"TGTAGGTGATCAGC-1","1"
"CTCCACGACTCTTA-1","1"
"GTGACCCTTCTCGC-1","1"
"GTGACAACGTCACA-1","2"
"GTTAGGTGTGCCTC-1","6"
"ACCCAGCTCGCAAT-1","1"
"AGTTTCACTACGCA-1","6"
"ACGGTCCTTTGCGA-1","11"
"ATGTAAACCATGGT-1","2"
"CTACCTCTTATGCG-1","9"
"CTTTAGACGAAAGT-1","6"
"AAGACAGATAACCG-1","15"
"GTCCCATGGTTAGC-1","9"
"TCTAACTGATACCG-1","11"
"CTACGGCTCCTCGT-1","6"
"CTAGTTTGTGGAAA-1","3"
"ATTAAGACCTTATC-1","1"
"TCAAGTCTTTCTTG-1","3"
"AATAAGCTGGTACT-1","15"
"ACGTGATGCGTAGT-1","1"
"GAAATACTACGGTT-1","1"
"CACAACGAGCTTAG-1","1"
"GCATGTGACTGACA-1","1"
"AACCGATGCGACAT-1","1"
"AAACTTGAATGTCG-1","6"
"GAAGAATGCGTGTA-1","1"
"GCGGCAACTCTATC-1","8"
"AAAGCCTGACCAGT-1","13"
"TGACGCCTTCGCTC-1","6"
"TCCATCCTTCGTGA-1","2"
"TGAGTCGATAGCGT-1","3"
"GGCTAAACAGATCC-1","3"
"GTGCCACTATTCTC-1","1"
"TACGTTACGGCAAG-1","1"
"GGCAAGGAGTTCTT-1","6"
"CATAAATGCCAGTA-1","1"
"CCCAACTGTTTGTC-1","1"
"ACGGATTGTGCTAG-1","6"
"CAAATTGAGGACTT-1","1"
"ATTGTAGAAGTTCG-1","14"
"TAACTCACAGCGTT-1","1"
"ATTTAGGACTTACT-1","9"
"GGCTACCTCACTCC-1","1"
"CTCATTGATCGCTC-1","1"
"ACGATTCTTGTGGT-1","1"
"ATCGCCACCTTTAC-1","6"
"GCACGGTGTGGATC-1","1"
"ATACCACTGAAGGC-1","1"
"CATTTGACAACCTG-1","1"
"CGCACTACGAATGA-1","8"
"TAAGGGCTCTTGAG-1","13"
"ACCCTCGAACTAGC-1","1"
"AATGTTGATTCGCC-1","6"
"TTACTCGAGGTCAT-1","6"
"AAACGGCTAACCGT-1","1"
"AAGTATACATAAGG-1","1"
"GCCCAACTCTTCTA-1","1"
"TCAGTTACGTGTCA-1","1"
"CGAATCGAAGTCAC-1","1"
"ATGGTGACTCGATG-1","2"
"CTAGGCCTTCTACT-1","2"
"ATAGAACTAAAGCA-1","1"
"AGGCCTCTCTCAGA-1","2"
"GAACCTGATCGCTC-1","2"
"CAGACAACTTTGCT-1","1"
"TGAGTGACCGCATA-1","1"
"GGGATGGATCTATC-1","5"
"CAAGGTTGTCTAGG-1","6"
"TTACCATGTTGTCT-1","9"
"TGTAGTCTCAACCA-1","9"
"GATAGCACCTTCGC-1","1"
"GTACTACTGTTTGG-1","6"
"ATTTCGTGGTGTTG-1","1"
"GAAATACTGTTCAG-1","1"
"TCTACAACTGTCCC-1","1"
"TTACTCGACTAGCA-1","1"
"AGTAATACGTGCTA-1","1"
"TTCCCACTGAATCC-1","2"
"GTACTTTGAGAGAT-1","2"
"GAGATGCTATTGGC-1","1"
"ACTTGGGACCATAG-1","6"
"ACTTGTACAACAGA-1","1"
"GTATTCACTGCAGT-1","5"
"GATGACACGGGACA-1","1"
"CATAAATGCCTTAT-1","1"
"CTGATTTGAGTCTG-1","2"
"ACGGTAACGTAGCT-1","1"
"TGGTATCTCTACTT-1","11"
"CAATGGACAGCAAA-1","9"
"CGAACATGCACTGA-1","1"
"ATAGGCTGTCACCC-1","13"
"GTCAATCTATTCGG-1","2"
"AGGTCTGAGCTATG-1","1"
"ACCACCTGCAATCG-1","9"
"TATGTGCTGTGCTA-1","1"
"ACAATAACAGGTTC-1","13"
"GAGGGCCTTAAGGA-1","11"
"GCGCACGACTCCAC-1","7"
"AAGAATCTCCCACT-1","1"
"GATCTTACCTTAGG-1","2"
"CCAGTGCTGTCGAT-1","2"
"ATGAAGGATCTCTA-1","1"
"ACCAGTGATGGTGT-1","2"
"CGTAACGACTCCCA-1","2"
"GGGAACGAGTTCAG-1","1"
"GCCTCAACTCTCGC-1","1"
"CACCGTTGACGTGT-1","6"
"CGACGTCTCTTGTT-1","6"
"AGCCGGTGTGCCAA-1","1"
"GGAGAGACCTCCCA-1","6"
"AGGACTTGCCAGTA-1","1"
"CGTTATACCTGCTC-1","1"
"GCCAAAACAGTAGA-1","1"
"ATTGAAACGTTGTG-1","6"
"TAGGAGCTTGCGTA-1","16"
"CGAAGGGACAGTTG-1","9"
"TACGCGCTCTGACA-1","1"
"GATGACACTGCCCT-1","6"
"CAGACAACCGTAGT-1","1"
"ACTGAGACAGGGTG-1","1"
"GCACGTCTTTCTAC-1","1"
"GGGAACGATCGCTC-1","1"
"ATGTTGCTCATTCT-1","1"
"GCATGTGACTAGTG-1","7"
"TTAGTCACCCGTAA-1","7"
"GTTAAAACACGGGA-1","1"
"CTACCTCTCGCTAA-1","1"
"CCCAGACTTTCGGA-1","1"
"AACAGAGACCAGTA-1","1"
"CAGTTACTGTTGCA-1","1"
"TGGTATCTCGACAT-1","2"
"GTTAGTCTCGAATC-1","1"
"AGCTGTGATACGAC-1","1"
"TTAGGGTGGTGTAC-1","1"
"GGCAATACAGCATC-1","1"
"ACGAAGCTGGTGGA-1","1"
"GTCTAACTTTCGTT-1","2"
"AGCTGTGAGTACGT-1","3"
"ACCTCGTGTGAGCT-1","6"
"CAATGGACGTTGGT-1","1"
"TACCATTGGGACGA-1","1"
"GCACAAACGGTAAA-1","1"
"CGTCCAACAAGTAG-1","1"
"CATCATACGGTAGG-1","2"
"TATGGTCTGATACC-1","1"
"CACAGAACAACCAC-1","1"
"GGCGGACTCAAAGA-1","6"
"AAGGTCACTAGTCG-1","1"
"TGCCACTGTGTGAC-1","1"
"CAGTTTACCCGTTC-1","1"
"AGATATACGTGCAT-1","1"
"GAGATCACGTTTCT-1","6"
"GGCAATACCAAAGA-1","1"
"TGTGACGATGTGAC-1","1"
"ACTCCCGAGTCAAC-1","6"
"AAAGACGAGCGATT-1","1"
"GGGACCTGGCGAGA-1","1"
"AGGTCATGTTACCT-1","1"
"TATCCAACCTGTGA-1","7"
"AAACATACGGTACT-1","1"
"GCAACTGATGCTCC-1","1"
"GGCGCATGTCGCTC-1","6"
"TTGGAGACCAGCTA-1","1"
"AGCGGCACCAAGCT-1","1"
"TTTAGAGACACTTT-1","1"
"ATCTACTGTTTCTG-1","1"
"GAGCGGCTTTACTC-1","1"
"GATATAACAGCCAT-1","1"
"GTTACTACCACTCC-1","1"
"TTCGGAGATCTGGA-1","1"
"GACTTTACGCATAC-1","7"
"AACGCAACGGTTAC-1","13"
"TGCCAGCTTCCCGT-1","1"
"AGAGAAACTGTCTT-1","1"
"TATTGCTGTAGAAG-1","1"
"GAACACACATCGAC-1","1"
"CGCAGGTGTCTTCA-1","5"
"TGGTCAGAAGGGTG-1","1"
"AGTTTAGAGCCTTC-1","1"
"ATGCAGTGTCGACA-1","1"
"ATCTACTGCCCTTG-1","5"
"TTCCAAACACGTGT-1","1"
"AATCCGGAGAGGTG-1","1"
"TCCACGTGCGAACT-1","1"
"CTATCCCTAGAACA-1","1"
"TCGACCTGCCTGAA-1","2"
"TATGCGGAATGCTG-1","6"
"GTGCCACTACCTTT-1","1"
"CTCAGCACAGGGTG-1","1"
"GACCATGATTCTCA-1","1"
"AAACATTGGCGATT-1","5"
"GCCATCACTACAGC-1","1"
"AGGAGTCTATAAGG-1","1"
"CTTAACACTGGTGT-1","1"
"CAGTTTACATTCCT-1","1"
"CCCTCAGATTCTGT-1","1"
"GCGCACGATATGGC-1","1"
"GAAAGTGAAATGCC-1","1"
"CATGGATGACAGTC-1","1"
"CTCCGAACGAACTC-1","1"
"AACAAACTCGACAT-1","5"
"ATGTTGCTCCCAAA-1","1"
"TGCGATGAGGTATC-1","2"
"GTTAAATGCTCATT-1","1"
"TGGACCCTTAGACC-1","1"
"TATCGACTGTCGAT-1","1"
"CACCTGACTCAGTG-1","1"
"GAGATGCTTATTCC-1","1"
"TTAGTCACTTCTGT-1","1"
"TACAATGATGGAGG-1","2"
"AGCGATTGTTGGCA-1","1"
"GATATATGATCAGC-1","7"
"CCGGAGACCTGTTT-1","1"
"GCCAAAACGAACTC-1","1"
"GTAACGTGTCGACA-1","5"
"TAACGTCTTCCGAA-1","5"
"TCACCGTGTGGTGT-1","5"
"TCAGTTACGTCTTT-1","1"
"TCTAGTTGGCAGTT-1","1"
"ATGCAGACCTCTAT-1","1"
"TCTGATACGTACGT-1","7"
"TGCAAGACATCTCT-1","6"
"AAGATTACCGTGAT-1","1"
"ACATCACTAGAGAT-1","6"
"TATACAGACAATCG-1","1"
"TAACACCTTTTCTG-1","1"
"CAACAGACGAGCAG-1","1"
"GCACGTCTCTAAGC-1","1"
"GTTACTACAAGCAA-1","1"
"TAGATTGATGACCA-1","1"
"TGCTTAACTGCGTA-1","1"
"TACTGGGAACAGTC-1","3"
"CGCCATACCGTTGA-1","1"
"GATTGGACAGTAGA-1","1"
"GACGATTGACTCAG-1","1"
"ATCGGAACCTCGCT-1","2"
"CAGGTTGAGACTAC-1","1"
"ATCCATACAGAACA-1","1"
"CCATGCTGCCAACA-1","2"
"ACAATCCTGAAAGT-1","3"
"AGTTCTACGGCATT-1","1"
"GCTGATGACAAAGA-1","1"
"TCCACGTGTCTTTG-1","6"
"GACGTAACGGCATT-1","1"
"GCATGTGAGGAAAT-1","3"
"CTGTAACTCAACTG-1","1"
"CATGTACTCTTATC-1","1"
"AGAGTGCTCCAACA-1","1"
"AGTACTCTAGGAGC-1","1"
"AAATCAACACACCA-1","1"
"TGTGATCTACTAGC-1","1"
"CATGTTACATTTCC-1","1"
"TATGTCTGAGGGTG-1","1"
"GCACCTACAGGGTG-1","1"
"GTTAGGTGACCAAC-1","1"
"CGTGAATGACACTG-1","1"
"CGGATATGCCCTTG-1","1"
"ATTGCTACACCCAA-1","1"
"CATTGACTTAGACC-1","1"
"GAGAGGTGTTCGCC-1","2"
"CGGGACTGCGATAC-1","1"
"TTGTAGCTCCTGTC-1","7"
"GGCTCACTCATTGG-1","1"
"TGCGAAACCCCGTT-1","15"
"AACAATACGGTTTG-1","1"
"AGTTAAACGCTCCT-1","1"
"CACAATCTCTGTCC-1","3"
"GACAGTTGCGTACA-1","1"
"GTGACCCTACTTTC-1","1"
"AGTGAAGACCAAGT-1","1"
"CACGACCTCATTGG-1","2"
"AGCTTTACTCCAGA-1","8"
"AAGCACTGCTGTTT-1","1"
"CTACCTCTCTACTT-1","1"
"TAAGCTCTATCTCT-1","1"
"CGTACCTGGGTCAT-1","1"
"TTGGGAACCGTTAG-1","1"
"GCAAGACTAGTACC-1","1"
"AGAGATGATAGCCA-1","2"
"TCACCTCTTAAGGA-1","2"
"TGTCAGGATTACCT-1","1"
"AAATCTGACTGCAA-1","1"
"CTACGCACTTTCAC-1","1"
"CTAAACCTCCATAG-1","1"
"ACGAGTACTTCACT-1","1"
"GGGATGGAAAGATG-1","3"
"ATAACATGCATCAG-1","1"
"TGAATAACTAGAGA-1","1"
"ATACCGGAATGCCA-1","7"
"AATACTGAAGGTCT-1","1"
"CGGAGGCTGACAGG-1","7"
"TGAAATTGACAGCT-1","2"
"TATTTCCTACTTTC-1","1"
"ACTCCCGATAACGC-1","6"
"ACGGGAGATGACCA-1","2"
"GTAGACTGCTAGCA-1","6"
"ACGGGAGATCAGGT-1","1"
"CGCACGGAGGTGTT-1","1"
"AGCAAGCTCCCAAA-1","1"
"AGACACTGATCGGT-1","1"
"GAGTACACTCTCAT-1","5"
"GATATTGACCGTAA-1","1"
"TTCATTCTTGAGGG-1","1"
"GTTGATCTGCTGAT-1","1"
"CGACTCTGCCTATT-1","1"
"GCCCAACTAAGTGA-1","1"
"TAAGTAACTCGATG-1","12"
"CGAGCCGACTCTAT-1","5"
"AACTCTTGCAAGCT-1","1"
"CGTTAACTGCCTTC-1","1"
"TATCCAACCCAATG-1","1"
"CAAGAAGATTTACC-1","7"
"CTTACAACTGGTCA-1","1"
"AGGATAGACGTAAC-1","1"
"AAATGTTGGCGAGA-1","1"
"TTCCATGATCAGAC-1","1"
"GCCTCAACAGTCTG-1","1"
"AAACTTGACTCAGA-1","2"
"TGCCAAGATTGCTT-1","1"
"CAGTTACTATTCTC-1","6"
"ATTAACGACATGCA-1","5"
"GCCATGCTCTTGGA-1","1"
"CTGTATACCGAACT-1","1"
"GGGCCATGTTAGGC-1","1"
"ACTGTTACAGCAAA-1","12"
"CCACTGACTTGGCA-1","1"
"AGACTCGAACCCTC-1","2"
"CCTGCAACATTTCC-1","1"
"CAGCACCTATGCCA-1","1"
"AACCTTTGTTTGTC-1","1"
"GACAGTTGTAGCCA-1","2"
"CAACAGACGAACCT-1","1"
"TTCACCCTTTCGTT-1","1"
"AGTACTCTTATCTC-1","1"
"CACTGCACGTGTCA-1","1"
"GCGGCAACGAGACG-1","1"
"TGAAATTGTCGCAA-1","1"
"TAGTCACTTTTGCT-1","1"
"ACGCTCACATCAGC-1","1"
"CATTGTTGATCACG-1","1"
"GACAGGGACCAAGT-1","13"
"TATCACTGCTTACT-1","6"
"TGGAGGGACTGCAA-1","1"
"GGATGTACAACGAA-1","1"
"TTTGACTGCTTACT-1","1"
"ATAATCGAGAGGAC-1","1"
"TAAGCTCTTCACCC-1","1"
"AACTCACTTGCAGT-1","1"
"GGGAAGTGGTATGC-1","1"
"ACGATGACGGAAAT-1","1"
"TCCTAATGAGAGAT-1","1"
"ACCCTCGAGATAAG-1","1"
"TTGCATTGTTGCTT-1","2"
"AGATCGTGGTTGGT-1","3"
"GTCTAACTGTTGTG-1","1"
"AGCTTTACCAATCG-1","1"
"CCATCCGAACGCAT-1","5"
"GATATCCTTTAGGC-1","1"
"AGAATACTTCAGGT-1","1"
"AGAAACGAACCAGT-1","1"
"GTTCAACTGTTTGG-1","6"
"CTCGACACTCGACA-1","1"
"CATGGATGGGTGAG-1","1"
"GATATATGGCTATG-1","14"
"GAATGCACTGGCAT-1","3"
"GGTAGTACCCTTTA-1","1"
"ATACCTACCCCTAC-1","2"
"ATGTCGGACCGATA-1","1"
"TTTAGCTGAGCAAA-1","1"
"GTATGGTGGTTAGC-1","1"
"TGAGTCGATCCGAA-1","13"
"ACGAGTACCGTCTC-1","5"
"AGGACTTGGTGTAC-1","1"
"ATCATGCTAGATCC-1","1"
"AATGTTGAATAAGG-1","14"
"CATCAACTGCATCA-1","15"
"TGTGAGTGCTCATT-1","5"
"CTGCCAACATTTCC-1","1"
"TCGGCACTAGGTCT-1","14"
"ACGCGGTGAGCACT-1","1"
"CGTCCATGAGCCTA-1","1"
"AGGGTGGAATGTCG-1","1"
"AGGTGGGATGCTAG-1","9"
"CCGACTACGGCAAG-1","1"
"TCTTCAGAACCAAC-1","1"
"CTTCACCTATCACG-1","2"
"ACCACCTGAAGCAA-1","1"
"TAACGTCTACGTAC-1","1"
"CTGACAGAGCGAGA-1","1"
"CGAAGGGACTGGTA-1","1"
"ACGAGTACGGAGTG-1","1"
"GCTAGATGCCACAA-1","1"
"TCATTGACGGGAGT-1","1"
"ACACCAGACACACA-1","1"
"GTTAGTCTATGCCA-1","5"
"GATTTAGAAAAGTG-1","5"
"CCAGACCTTACGAC-1","1"
"ATTGGGTGAACTGC-1","1"
"GAAGATGACATGGT-1","1"
"ACTTGGGAGGTAGG-1","1"
"TGATTCACAGCTCA-1","1"
"CATAGTCTAAGAGT-1","1"
"CCAGCTACTCGCAA-1","1"
"CCAGTGCTAAAAGC-1","4"
"ATCCAGGAATCAGC-1","1"
"CGTCAAGAAAGCAA-1","1"
"TTCACAACGTTCAG-1","15"
"CTTCACCTGTTCAG-1","1"
"TTCTACGAGTAAGA-1","3"
"CGACCACTTCGTTT-1","1"
"CATAAATGTTATCC-1","1"
"GCGCGATGCAGGAG-1","7"
"GACCAAACTCTATC-1","1"
"GTGTGATGGGCGAA-1","1"
"TGGCAATGCTTGGA-1","1"
"CGCTACTGTAGAAG-1","1"
"CCTATAACAGAGAT-1","1"
"CAAGACACTACTTC-1","1"
"TAGTTCACACCAGT-1","1"
"GTAATAACAACGAA-1","1"
"ACCACCTGCGCTAA-1","1"
"GGCAAGGATGTCAG-1","1"
"GCCTGACTTCGCTC-1","1"
"GACTGATGAATGCC-1","1"
"TACGATCTCCCGTT-1","1"
"TGACCAGACTCAGA-1","1"
"TATGGTCTTCGTGA-1","2"
"AAGATTACCCCACT-1","2"
"CTAGTTTGTTTACC-1","5"
"ACCTGAGATCGCCT-1","1"
"GATCATCTTGGATC-1","2"
"CCAGTGCTGCTTAG-1","2"
"ACACCCTGATGACC-1","1"
"CGTCAAGACACTCC-1","1"
"GGAATCTGGGTGGA-1","1"
"TAGTCACTCTCTCG-1","2"
"ACTGTGGAGAAACA-1","1"
"TGGACCCTCTCCCA-1","6"
"TGTTACACCGTCTC-1","1"
"GAGCAACTGGTGGA-1","1"
"ACGATTCTCTTATC-1","1"
"AGTGACACCGATAC-1","6"
"ACAGTCGACCCTAC-1","1"
"CGCTAAGAGAAACA-1","1"
"ATGACGTGACTCTT-1","3"
"GTTTAAGAACTGTG-1","1"
"GCGGAGCTAAGTGA-1","1"
"ACTGCCACTCCCAC-1","5"
"TATCCAACGAGGAC-1","1"
"TCTAAGCTCTAAGC-1","3"
"CGGCACGATGGTCA-1","3"
"CGTGCACTCCTCAC-1","1"
"AGGGTGGAATTGGC-1","1"
"GGCTAAACCTAGCA-1","1"
"ATCGCAGAATCGTG-1","1"
"ATAGCCGATAAGCC-1","1"
"CTCGAAGATGTCGA-1","1"
"GCCATGCTGAAGGC-1","2"
"CGATAGACACCTGA-1","1"
"CTACTATGGGAGGT-1","1"
"GAGCTCCTGGAGTG-1","3"
"GGCCCAGACAGTTG-1","1"
"GTTGACGAGCTATG-1","1"
"TGATTCACTTTGGG-1","4"
"CTACTCCTCTGTCC-1","1"
"ATCTCAACGCGGAA-1","1"
"TGTTAAGACTTGGA-1","5"
"CAACCAGATCTATC-1","1"
"ATGGTGACGTTACG-1","1"
"CCAAGAACTGGATC-1","1"
"CTGCGACTATTGGC-1","1"
"GATAGCACACACCA-1","1"
"GGCTAATGAAGAAC-1","1"
"ACTGAGACTCACGA-1","1"
"TCTTGATGTCATTC-1","15"
"TACGAGTGCTAGAC-1","1"
"GATTCGGAACGCTA-1","4"
"ATAGGCTGCGGGAA-1","1"
"CACCCATGAGGGTG-1","6"
"CGTTAACTTGACTG-1","1"
"CTGAGCCTGCAGAG-1","1"
"TGCTAGGACTAGCA-1","1"
"AGCTCGCTGTAAAG-1","1"
"CAGAGGGACTCCAC-1","1"
"AACTTGCTTAACGC-1","1"
"TAACACCTGTACCA-1","14"
"AAGAAGACGCGATT-1","1"
"TCACATACCTACGA-1","1"
"GCGAAGGATGTAGC-1","1"
"AGTAGAGATTGCGA-1","1"
"AAGCCATGAGGCGA-1","1"
"AGATTCCTGTCTGA-1","1"
"CCACTGACATCAGC-1","1"
"GCAACCCTACTAGC-1","1"
"GGCAAGGAGCTAAC-1","1"
"AGCGGGCTAACGGG-1","1"
"AAATACTGTGAACC-1","1"
"ATGTCACTGCGTAT-1","3"
"CGCTCATGGGTAGG-1","1"
"AGATTAACTCTTCA-1","3"
"CCACCATGAACAGA-1","1"
"AGCATCGACCGCTT-1","1"
"CGTGAATGACCTGA-1","1"
"ACGTCCTGCATTTC-1","14"
"CAGCCTTGTCTTCA-1","1"
"CCTACCGATGGTTG-1","1"
"TGGAAGCTACCGAT-1","2"
"TCCTAATGGGAGTG-1","1"
"GACTGAACGACAGG-1","1"
"ACGTTGGACCGTAA-1","1"
"GAGGTACTTGCGTA-1","7"
"GAAGGGTGGCGGAA-1","1"
"ATTGTCTGACTAGC-1","1"
"GGAATCTGCTTTAC-1","1"
"GGTACAACCCGCTT-1","1"
"CGAGGAGACTAAGC-1","2"
"TCTTCAGAGGTCAT-1","1"
"AATACCCTGTAGCT-1","1"
"GATTCGGATGAGAA-1","1"
"CTAACTACAAGTAG-1","1"
"CGTGAAACCCACAA-1","6"
"CACCTGACTCCTAT-1","1"
"ATCCTAACCATACG-1","1"
"GGAGCAGATGGAAA-1","1"
"TATCACTGCCACCT-1","1"
"GTAAGCACTTTGCT-1","1"
"GTATCTACTGTCAG-1","1"
"CGCTAAGAAAACGA-1","1"
"CACTATACCTGCAA-1","1"
"GCAGCGTGAAGAAC-1","1"
"TCAGACGATGACTG-1","1"
"GTTATGCTATTGGC-1","1"
"GATCGAACCTTCTA-1","2"
"GATGCATGGGGATG-1","1"
"AGTCAGACTTCATC-1","1"
"TCACGAGACGCTAA-1","1"
"CCTCATCTCTGAAC-1","1"
"CTTAAAGATGTGGT-1","1"
"GGGAAGTGTCGCAA-1","1"
"CACTGAGAGGTAGG-1","18"
"ATCGAGTGGTGTCA-1","1"
"ATAGGAGACCGTTC-1","1"
"AGGAAATGGCGATT-1","14"
"GGCACGTGGGTGAG-1","3"
"ACTTCAACGTCATG-1","2"
"TTCACCCTTCCTTA-1","1"
"AACGTTCTTGCAGT-1","1"
"AGGACTTGTCGTTT-1","5"
"ATAGGCTGGTCATG-1","6"
"TGTCAGGACCGATA-1","7"
"CAATTCTGCAAGCT-1","2"
"TCTAGTTGTGCCAA-1","2"
"ACTCTATGCGCTAA-1","1"
"GATCCCTGACGCAT-1","7"
"CACAACGACGTACA-1","1"
"ATTGTAGAACGTGT-1","1"
"AGTTGTCTTGCCAA-1","3"
"GGCCAGACGAGCTT-1","1"
"CCAGCTACGAATGA-1","2"
"CCTCGAACCCCGTT-1","1"
"TTTCGAACCTTCCG-1","1"
"TCACCCGATCTCTA-1","5"
"TGGGTATGTACTGG-1","1"
"GGCCCAGACCTGTC-1","2"
"GCGCATCTGCTGTA-1","1"
"GAAGCTACACGGAG-1","1"
"CGCCATTGAGGTTC-1","1"
"AACCACGAGCGGAA-1","1"
"GGCCGAACCCAAGT-1","1"
"GCTGATGATAAGCC-1","1"
"AAAGCAGAAAAACG-1","1"
"ACTCGCACGTCAAC-1","1"
"GAGTACACCACTCC-1","5"
"TACCGAGAAGAGAT-1","2"
"CTTTGATGCTAAGC-1","2"
"GCATGTGATGCATG-1","1"
"GGAGCAGACAGTTG-1","2"
"TAGGTCGACCTGAA-1","1"
"CGCTACTGTCCGTC-1","1"
"TCTTACGAGCCATA-1","3"
"CCAATGGACGTAGT-1","1"
"ACGATCGATAGAGA-1","12"
"TTCAGACTACTGTG-1","1"
"TCACGAGACGTAAC-1","5"
"GGACCCGAGATACC-1","1"
"GGAGGTGATCTTCA-1","1"
"ACTGTGGAGAGGCA-1","14"
"GGGTTATGCGAATC-1","1"
"AGCCGGACCCACAA-1","1"
"TTTCTACTTCCAGA-1","1"
"ATCCCGTGGGGACA-1","1"
"GGAAGGACACGACT-1","1"
"AACAATACGGTTCA-1","5"
"CTAAGGACGACGAG-1","1"
"ACACGATGCACTCC-1","1"
"GTCCACACGGATCT-1","1"
"TCTATGTGTGTCTT-1","13"
"GTCAATCTTGGCAT-1","1"
"TCGATTTGAGATGA-1","3"
"TCTGATACGTTGCA-1","1"
"ATTCTTCTGGTACT-1","1"
"TACCGGCTTCAAGC-1","1"
"TACGAGACTAGAAG-1","1"
"AATGATACTTTCAC-1","4"
"GTTATGCTCTGCAA-1","2"
"ACGATGACGTTGAC-1","2"
"AGCTCGCTGAACCT-1","1"
"TGTAACCTGAATCC-1","1"
"GAAGTGCTAGCGGA-1","1"
"AGTACTCTGTTTCT-1","1"
"AAGTTCCTGGTACT-1","1"
"CACAGATGCGTAAC-1","1"
"TTCAGACTTCCTCG-1","1"
"ATTAACGAAGGGTG-1","1"
"CTATAGCTACGGAG-1","3"
"TCACCTCTCGTAGT-1","1"
"AGGGTGGAATTCGG-1","1"
"TAGCCCTGCTTACT-1","1"
"TTCACCCTGCGAGA-1","2"
"TGCAAGTGAGCCAT-1","2"
"GATCCGCTCTTAGG-1","5"
"ATAGCTCTCAGTCA-1","1"
"AATATCGATCCTCG-1","1"
"GGAGTTACTGCAAC-1","14"
"GAGTCAACGGTTCA-1","14"
"CCTCGAACAGAGTA-1","3"
"CGTAACGAAACCGT-1","8"
"TATAAGTGCCTGAA-1","1"
"ACCACAGACTTGCC-1","1"
"GTGTGATGAGAGAT-1","1"
"GATATAACTAGTCG-1","1"
"CTTTCAGAGACGTT-1","1"
"GGCGGACTTTATCC-1","1"
"CCCATCGACGGGAA-1","1"
"TTGCATTGGCTCCT-1","7"
"AACGTGTGGGCAAG-1","1"
"ACCGTGCTTCTTAC-1","1"
"GCACAATGGGTACT-1","1"
"ACCCACTGAGCGTT-1","1"
"ATGTACCTCTATTC-1","1"
"CGTCCATGTTTGGG-1","1"
"GTACTTTGTTTCGT-1","1"
"CGTGAAACGTACAC-1","5"
"CCGAAAACATTTCC-1","1"
"TACGATCTGCTGAT-1","1"
"ATATACGAGCCTTC-1","1"
"AATAAGCTCGAATC-1","1"
"TTGGTACTGCAAGG-1","6"
"ACTACTACTGGCAT-1","4"
"CTGATGGATCCAGA-1","3"
"CTGACAGACTCCCA-1","5"
"GTGGATTGCTTACT-1","5"
"CTAACGGATGTCAG-1","1"
"CAGGTTGAGCTCCT-1","7"
"AAATGTTGGGAGTG-1","6"
"ATTGCGGAGTCATG-1","2"
"GCGGGACTCTGTAG-1","1"
"AGTAGGCTTCACGA-1","1"
"CAAGCTGATTTCTG-1","5"
"GGAGACGAGGTCAT-1","1"
"ATATGCCTTTCTAC-1","1"
"CTATAGCTCATTGG-1","1"
"TAACAATGACAGCT-1","1"
"TACTGTTGCGACTA-1","1"
"ACTAGGTGGCGTAT-1","1"
"AGTCTTACGGTTCA-1","5"
"CTATAAGAGGGCAA-1","15"
"AACGGTTGTTTCTG-1","5"
"AAGCAAGATCGCCT-1","1"
"CATTTGTGCCGAAT-1","6"
"GTAGGTACCTGTCC-1","1"
"CATCTCCTACGTAC-1","2"
"TGGTACGAGCTATG-1","1"
"ACGCTCACTGTAGC-1","1"
"ACGCTGCTTACTGG-1","1"
"GCACAAACTCAAGC-1","1"
"CATTACACCTTCCG-1","1"
"ATAACATGATCGAC-1","1"
"GCAGATACTCTATC-1","1"
"TCGAGCCTCGCCTT-1","9"
"ATTTGCACGCCAAT-1","1"
"GACTGAACCCGCTT-1","3"
"CCTAGAGATTCAGG-1","1"
"TAACCGGAAATCGC-1","1"
"AAGATGGATCCAAG-1","15"
"ACTCTATGTGTCCC-1","1"
"GGAATGCTAGTTCG-1","5"
"ATTGGGTGATGTGC-1","3"
"CTAAGGTGCAGCTA-1","1"
"TTGTACACGTAAAG-1","6"
"GGATGTACCTCAAG-1","5"
"AAGATGGATTCAGG-1","1"
"AAGTGGCTCGAGAG-1","1"
"TCACAACTTATGCG-1","1"
"GTTAACCTCATTTC-1","2"
"CCAAGTGATCGACA-1","1"
"TAACAATGCTGGTA-1","1"
"GTTGATCTTTGTCT-1","1"
"TACCGAGACTTGGA-1","7"
"ATGCACGATGTGCA-1","4"
"CTAGTTTGAGCTAC-1","3"
"CCGGAGTGGGAAAT-1","1"
"CTTATCGACACTCC-1","2"
"AGCATGACTTCCGC-1","1"
"TTCAAAGAGAGGCA-1","1"
"AGTGTGACAATCGC-1","1"
"GGACATTGAGCACT-1","1"
"AGCCAATGTCTTAC-1","5"
"GACTCCTGCTGCTC-1","1"
"CACTAGGACAGTCA-1","1"
"AGGAGTCTACGACT-1","1"
"CCGGAGTGCGGGAA-1","1"
"GGACAGGAGTAGCT-1","1"
"CAATAAACAAGAGT-1","1"
"TGAGTGACTACGCA-1","1"
"AGTCACGATCGACA-1","1"
"CGCATAGACTTAGG-1","1"
"AGACTCGATACTGG-1","7"
"AAGACAGAGCGAGA-1","1"
"TAGGAGCTGCTATG-1","6"
"ATAGAACTAGAGGC-1","1"
"GAATGGCTAAGGGC-1","1"
"GAGCAGGAGAATCC-1","1"
"GTAGACTGGACGAG-1","2"
"TATGGGTGATTCGG-1","1"
"CTCTAATGTGAACC-1","3"
"TGTGACGAATCACG-1","1"
"CACTTAACGGCATT-1","1"
"CACTAGGATTCTCA-1","1"
"CTTAAAGATATCGG-1","1"
"CACCACTGCCTATT-1","1"
"GGGTAACTCTGAAC-1","1"
"GCCACTACTTGGCA-1","1"
"TGCAACGATACTCT-1","5"
"CCTAAACTAAAGCA-1","3"
"ATCGACGATAAGGA-1","3"
"GGATACTGCTAGAC-1","2"
"ACAGCAACCTGTGA-1","1"
"AAAGACGACGTAAC-1","1"
"CACTTAACACAGCT-1","5"
"CATTGGGAACGGGA-1","1"
"GACGATTGATCGTG-1","16"
"CGCAACCTATTCTC-1","5"
"ATTCGGGACTTCGC-1","6"
"GTGATCGAGTGCAT-1","1"
"TTAGGTCTCACTGA-1","1"
"CGTTTAACTCGTTT-1","5"
"CAGTTTACAGCAAA-1","1"
"CCCAGACTGTGCTA-1","1"
"ACTGAGACGCTGAT-1","3"
"GCACTGCTCGTGAT-1","5"
"ACAGTTCTGAGGAC-1","1"
"ACACGAACCCTCCA-1","5"
"ACTGTTACCCCACT-1","1"
"GCAAACTGCACTTT-1","1"
"CCATCCGAACGACT-1","1"
"TTCTTACTGTCCTC-1","1"
"GTCATACTCTCGAA-1","1"
"GTATCACTGGTTCA-1","1"
"CGAGGCTGCGAATC-1","7"
"TGTCAGGACTGGAT-1","1"
"CAGACTGAACCGAT-1","1"
"CTTCTAGAGTCATG-1","1"
"TCCCAGACTCGCCT-1","5"
"CATGGATGGGCAAG-1","1"
"AGAGCGGACATTTC-1","7"
"AGGAACCTGTACCA-1","1"
"AAGCACTGGCGTAT-1","1"
"TAGAATTGTCAGTG-1","7"
"ACGCTCACCATGAC-1","1"
"AGCAAGCTAGGTCT-1","1"
"TATCGACTGTCCTC-1","1"
"ACAAGAGAGACACT-1","1"
"CACAATCTCGCATA-1","5"
"ACACGATGTCTTTG-1","2"
"GCACTGCTGTCGTA-1","3"
"TCGAGAACGTTCTT-1","1"
"ACTTCTGAGAGAGC-1","1"
"GAACGTTGCCTGAA-1","1"
"AGGTCTGACAGCTA-1","3"
"GACGGCACGGTGAG-1","2"
"TGAGCAACTCTATC-1","1"
"CCGGAGACGAGGGT-1","5"
"CATACTACGAGCTT-1","3"
"CGGCGAACGTCACA-1","2"
"TTAGCTACGTCTTT-1","4"
"CGGCCAGAGCATAC-1","1"
"CAACGTGATATCGG-1","1"
"TCATCATGTGCTAG-1","1"
"ATTTAGGACTAGAC-1","1"
"TACGGCCTACGTAC-1","1"
"CTATTGACAGCAAA-1","5"
"CTAACACTTCTTAC-1","1"
"GTGTAGTGCAAAGA-1","1"
"GTCTGAGAACCAAC-1","1"
"CTGGCACTTCTTAC-1","1"
"CTATAAGAGGGAGT-1","1"
"CGAGTATGGGTGAG-1","3"
"TCACATACTGTGGT-1","5"
"GGGCACACCTACTT-1","1"
"ATCTGTTGTGGTGT-1","4"
"ACTTCCCTAACCGT-1","1"
"CCTAAACTTCATTC-1","1"
"ACGACCCTGGGTGA-1","1"
"CCACTGTGCGCCTT-1","1"
"TACTAAGAACTAGC-1","1"
"ACTTAGCTCTCGCT-1","2"
"CATACTTGTGTCGA-1","1"
"TATCTGACTCACCC-1","1"
"CCATCCGACGAGTT-1","1"
"AGTAGGCTAGTAGA-1","7"
"ATTTCGTGGAAGGC-1","2"
"GACCATGACAACCA-1","1"
"AGTTTGCTAGTGTC-1","5"
"TAAAGTTGGAACCT-1","6"
"GCCATCACGCCCTT-1","6"
"ACGGAGGAGGGCAA-1","1"
"ACAGTCGACATCAG-1","1"
"TACCATTGACCGAT-1","1"
"TAGGTGTGATGCTG-1","2"
"CCAGCTACCTAGAC-1","1"
"CAGTTGGAACAGTC-1","1"
"GAACAGCTTCCTAT-1","1"
"TCAACACTAGAACA-1","1"
"ACAATCCTCATACG-1","1"
"AGGGCGCTGTGTAC-1","2"
"GGTGATACTAGACC-1","7"
"GATTCTTGTGCCAA-1","1"
"TAGAATTGGACTAC-1","1"
"TGTATGCTCCAATG-1","1"
"GCCTCAACAACGAA-1","1"
"CCAGCTACAGTAGA-1","1"
"AAGGCTTGGAACCT-1","5"
"CATTACACCCTTGC-1","2"
"GCAACTGACGGGAA-1","1"
"CTTGATTGTGGTTG-1","7"
"GGCCCAGAAGCTAC-1","1"
"GGCCACGAACTTTC-1","1"
"GGCACTCTACGCTA-1","5"
"CAACAGACGGTCTA-1","7"
"CTGATTTGGGACGA-1","3"
"AATGTCCTAATGCC-1","1"
"AAGATGGATACGAC-1","4"
"CTCAATTGCCTGAA-1","1"
"CACGCTACTTGTGG-1","1"
"GACGCCGACAAGCT-1","5"
"TGAAGCACTGTGAC-1","3"
"ATTCGACTTCGCAA-1","1"
"CGAGGCACTGCCTC-1","1"
"TATCAAGAGGCATT-1","5"
"TGTAATGACACTGA-1","1"
"GCCGAGTGACTGTG-1","1"
"AAGGCTTGTTCGGA-1","7"
"GGCACGTGAGATCC-1","1"
"CCCTGATGGCCCTT-1","1"
"ACGCTGCTTCGCAA-1","4"
"AACCGCCTTGGATC-1","6"
"CCTGAGCTTCTGGA-1","1"
"CACGAAACCCTTAT-1","1"
"CCCAGTTGGTACAC-1","2"
"ACTGTGGACTGCAA-1","1"
"TATCTTCTTTCCCG-1","1"
"TGTATGCTGTCCTC-1","1"
"GAAGTCTGTAGAAG-1","2"
"GAAAGCCTTGGAAA-1","3"
"ACAGGTACGTTCGA-1","2"
"TTCAAAGAACTTTC-1","5"
"TAGGGACTTGCAAC-1","1"
"AACCTTTGGAGGGT-1","2"
"TCATTCGATATGCG-1","1"
"TCGCCATGCCCTTG-1","1"
"GCACAATGTCCGTC-1","5"
"TGTAGTCTACCTCC-1","1"
"GCGAGAGATATTCC-1","3"
"AGGGCGCTAACGGG-1","7"
"CCAGGTCTTTGTCT-1","4"
"CAAGGACTTGTCCC-1","1"
"GGCGACACCGGTAT-1","1"
"AGGAAATGTGAGGG-1","1"
"GATCTACTTGCCTC-1","1"
"ATGAGAGACCGAAT-1","6"
"CATGTACTCTCTAT-1","1"
"TCAGTGGAATGTGC-1","1"
"GTGACAACGCGGAA-1","1"
"CTTTGATGCCTTTA-1","3"
"GCGAAGGACTTGAG-1","5"
"AGAGTGCTCCTCCA-1","3"
"GTGAGGGACCGCTT-1","6"
"TACCATTGACCATG-1","1"
"GTGCAAACGCTGAT-1","5"
"TGCGTAGAAGAATG-1","6"
"AGGATGCTGAGGAC-1","1"
"ACCTGGCTGGCATT-1","5"
"TAAGCGTGTCGTTT-1","1"
"TAGATTGAACCGAT-1","1"
"GCAACCCTCCAGTA-1","1"
"ATGGACACTGCAGT-1","1"
"ACCGCGGATAACCG-1","1"
"CCGAAAACGTATCG-1","1"
"ACAGCAACCGGGAA-1","1"
"GTCACAGAGAGGTG-1","1"
"AAACGCTGGAAAGT-1","1"
"CAGATGACCTCAAG-1","1"
"CCAGAAACAGTGTC-1","5"
"ACACGAACACGGAG-1","3"
"AGAGGTCTGCATAC-1","1"
"GTAGTGTGCATCAG-1","1"
"TGTACTTGAGTCAC-1","1"
"ACCCACTGGGAGTG-1","3"
"ACGAACTGAACCAC-1","4"
"CATCAACTTTCTCA-1","6"
"TCCTATGAAGCTAC-1","3"
"ACTTAGCTGAGCAG-1","5"
"CGGATATGACGCAT-1","1"
"CATGCGCTTCAAGC-1","1"
"TCTAGACTGGGTGA-1","1"
"AACGCCCTCGAACT-1","1"
"CCAGAAACACACAC-1","1"
"ATTCGGGATTTCGT-1","1"
"ACACGATGCCAACA-1","1"
"GTTGTACTCTAGTG-1","1"
"GGTACAACAGTTCG-1","5"
"TGTATGCTACTTTC-1","4"
"TAGTAAACTGTGCA-1","3"
"TAACGTCTGAGGCA-1","1"
"CATTTCGAAAGCCT-1","5"
"GTATCACTATGTCG-1","1"
"TCCCAGACGCGAGA-1","4"
"AGAACGCTGAATGA-1","1"
"AGCCACCTCCTCAC-1","15"
"AACATATGCTACGA-1","2"
"GACTCCTGCCTTCG-1","1"
"CTGACAGAGACTAC-1","14"
"ACGGTAACGGTGGA-1","1"
"CCAAGTGATTCGTT-1","4"
"AAAGCAGACTAAGC-1","1"
"CACGATGAGACGGA-1","1"
"GACTGAACTGGATC-1","1"
"CGAGGCTGTACGCA-1","5"
"TAGAGCACCATGGT-1","5"
"ATGTTGCTCATCAG-1","1"
"AGCAAGCTAAGGGC-1","1"
"TTGAGGACGCATAC-1","1"
"TAGCCCACGGTTAC-1","1"
"GGTATGACAACAGA-1","3"
"CCGTACACCTTCCG-1","4"
"TACATAGATCAGGT-1","2"
"CTACGCACTAGCGT-1","3"
"TCTTACGATGTTCT-1","1"
"TGTGGATGCGTAGT-1","3"
"TTGCTATGCACTTT-1","1"
"TACTACACCTAGAC-1","5"
"TTGAATGAGGATTC-1","3"
"AATATCGACACAAC-1","1"
"CGCTAAGACACACA-1","1"
"CATTTCGAACTGTG-1","5"
"ATTGCTTGTTTGCT-1","1"
"GGAAGGACAAAACG-1","3"
"CCAAGATGCAGTCA-1","2"
"CTTCTAGAGGACTT-1","1"
"CGAGGCACAGGAGC-1","1"
"ACTTCTGAAAGGCG-1","4"
"ATTGTAGACGAACT-1","4"
"CGGAATTGCTCGCT-1","7"
"CTAACACTTTTGGG-1","1"
"TATAGATGCACTCC-1","3"
"ATATAGTGTCGCCT-1","14"
"ACACGTGATTTCAC-1","1"
"AAGATGGAGTTGCA-1","1"
"TTACAGCTACCAGT-1","5"
"GGTAGTACCTAGTG-1","4"
"CGGCACGAGCAAGG-1","7"
"CTGGAAACATAAGG-1","1"
"ATCTTTCTCCAACA-1","3"
"TTACACACGACACT-1","4"
"CTGAGAACAAACGA-1","5"
"CGACGTCTCAGAAA-1","1"
"ACTACTACTTTCAC-1","3"
"GTGGTAACACGTAC-1","1"
"GAATGCACGCGGAA-1","4"
"TGTTAAGAAGTAGA-1","5"
"GTACAGTGAAGGGC-1","3"
"ATTGCGGACTAGCA-1","1"
"ACGGGAGATCGCCT-1","1"
"GCACAAACTCACGA-1","1"
"CTCAGGCTTTTCAC-1","3"
"TTGTACACTCTCCG-1","1"
"CTCGCATGGGATCT-1","4"
"GACTGTGACTTTAC-1","3"
"GATCCCTGCTGTCC-1","1"
"CAACCGCTCGTGTA-1","6"
"GTAGCCCTAATCGC-1","14"
"TATCCTGAAGCAAA-1","1"
"CGGATAACCACTCC-1","2"
"CCAGTGCTGCGATT-1","1"
"AACTCTTGCTTTAC-1","1"
"CACTGCTGTCTAGG-1","5"
"TGACGATGTTGAGC-1","1"
"GAGCAACTAAGAAC-1","2"
"AGTTCTTGTCCTGC-1","1"
"CAAGCTGATTCCGC-1","1"
"AGACACTGAGGTCT-1","3"
"AAGAACGATGGTAC-1","1"
"AAAGCAGACAGCTA-1","5"
"CAACGATGCATGAC-1","1"
"GTCTAACTTCCCAC-1","1"
"ACGGCTCTGCATAC-1","1"
"ACTCCCGAATTGGC-1","1"
"ACTTCAACATGGTC-1","5"
"GAACGGGAGACACT-1","1"
"ATCTGTTGAGTGCT-1","3"
"CTATTGACCCCTAC-1","1"
"AGGACTTGATGTCG-1","4"
"GTTCAACTAGATCC-1","1"
"TAAGATACCCCTAC-1","1"
"CTTAAAGAATGTCG-1","7"
"TGTAGGTGATCGGT-1","3"
"CGTCGACTTGAGCT-1","3"
"TGCCGACTCGTAGT-1","2"
"AGGGCCTGCTGTCC-1","5"
"CACCGGGACTTATC-1","1"
"CAGCATGAGGAGCA-1","4"
"CATTACACCTTACT-1","5"
"GCGGAGCTCCTGTC-1","1"
"GGAACTTGCACTCC-1","1"
"CCTAAGGACTCTAT-1","1"
"TATTGCTGCGCATA-1","2"
"CGACGTCTCGTAGT-1","6"
"GACGTATGAGGTCT-1","1"
"AGCGGGCTGATGAA-1","2"
"ATAAACACTCTTAC-1","2"
"GAGTTGTGCCACCT-1","1"
"AGTTGTCTTGTCTT-1","1"
"CCTTCACTCTTAGG-1","1"
"TACATAGAACCGAT-1","4"
"AGGATGCTGCGGAA-1","1"
"CAGGAACTAGAACA-1","1"
"ACTGGCCTAGCGGA-1","3"
"TACGGAACAGTAGA-1","3"
"CATGGCCTGCCAAT-1","1"
"TGATTCACGGGCAA-1","7"
"TTCAACACTCGCTC-1","1"
"CGACTGCTCTCAAG-1","1"
"TAGTTGCTACAGTC-1","1"
"GTTCAGGATACGCA-1","7"
"TGGAAGCTAACTGC-1","4"
"CGCCATACCCTACC-1","4"
"TCTTCAGAGAGGAC-1","1"
"AAAGCAGAGGTACT-1","5"
"ACGTTGGAGGAACG-1","3"
"AGGGAGTGTCCAAG-1","7"
"ACGGAACTGATAAG-1","1"
"AGAGTGCTGACTAC-1","1"
"TGACTTTGTGCTGA-1","1"
"CTTAGACTAGGGTG-1","1"
"GCAAACTGGTTAGC-1","7"
"TTCAAGCTCAGTTG-1","5"
"GAATGGCTCTTTAC-1","3"
"GAAAGTGACCACAA-1","1"
"CATCGGCTTGTCAG-1","5"
"ACCTGAGAAGCTCA-1","7"
"GCAGTCCTTATGCG-1","7"
"ACCAGTGACTCAGA-1","1"
"ATCAGGTGAAAGCA-1","1"
"ATCTTGACGTCTAG-1","1"
"GTCTAGGATCGTAG-1","2"
"GCCAACCTCTCCAC-1","1"
"TAATGCCTTACGAC-1","1"
"TCCTATGACTATTC-1","1"
"AGAGCTACGCAGTT-1","2"
"TATGTCACACGTAC-1","7"
"GCCATGCTTCCCGT-1","3"
"AACTCGGAGGAACG-1","1"
"ATACCGGACTTGTT-1","5"
"CTTTACGAATGTCG-1","1"
"ATCGCGCTGGTATC-1","1"
"CAGACAACGAGGAC-1","1"
"GTAGTGTGACAGTC-1","4"
"ACTTAAGAACTGTG-1","1"
"ATTCGGGATGTCGA-1","5"
"TGACGCCTTCTACT-1","3"
"GTAGCATGGGTAGG-1","1"
"GTATGGTGCACTCC-1","1"
"GCAGTTGAAACGTC-1","1"
"AGTCCAGATGCGTA-1","3"
"AATAGGGAACGACT-1","2"
"ACAATTGATGATGC-1","5"
"CCATCCGAGTTGCA-1","3"
"TGATATGATACGCA-1","1"
"GACAGTACTTCCGC-1","1"
"GTAGTGACCGGGAA-1","7"
"AGGTGGGATCATTC-1","3"
"GTCTAACTTGCAGT-1","4"
"ATGTCGGAACGCTA-1","2"
"GCGCGAACAAGTAG-1","4"
"TAGAATTGAGTACC-1","1"
"CGAGGAGATTCGTT-1","1"
"AGGTTCGACCGCTT-1","14"
"ACTGGCCTACCATG-1","14"
"GAGGGAACTGTTTC-1","1"
"CGGCCAGAGTTTGG-1","1"
"CTGAAGTGTGGATC-1","4"
"TGTAATGAGTAGGG-1","7"
"GCAAGACTCTTGTT-1","2"
"ACCTCCGAGAGGGT-1","14"
"GCCTCATGACCACA-1","1"
"CACGGGTGAGTAGA-1","1"
"CAACAGACCGCTAA-1","3"
"CGACTCACTCGTAG-1","4"
"ATGCAGACACGGGA-1","1"
"CCTGACTGTGTCAG-1","1"
"CTACGGCTGTATGC-1","2"
"TAGGTGACATGGTC-1","4"
"CACAGATGCCTTAT-1","5"
"CATAAATGACGCTA-1","4"
"CGAAGGGATCTATC-1","1"
"TGACTTTGCCCTAC-1","3"
"GTGTATCTTGAGGG-1","3"
"AGTGACACGTACCA-1","1"
"GGAGTTACCTGTAG-1","5"
"GTGGAGGACGTAGT-1","4"
"ACGTAGACGAGGGT-1","1"
"ACGCCTTGCTGAAC-1","4"
"TCTGATACAAGCCT-1","3"
"GTAATAACCTCGCT-1","3"
"TGGTACGAAGGTCT-1","2"
"CACCGTACCAACCA-1","1"
"CAGGTTGACTGTTT-1","2"
"CACAATCTTTCGCC-1","3"
"GACAGTACGCGTTA-1","1"
"GAGGGTGAATGACC-1","2"
"CTCAGGCTTCTATC-1","1"
"TCACCTCTGGTTCA-1","4"
"TAATCCACCGCATA-1","7"
"GTGGATTGTTCATC-1","1"
"TGAACCGATCCCAC-1","5"
"GGGCAGCTGGTTAC-1","5"
"CTCAGAGATATGCG-1","5"
"TTAGAATGGGCGAA-1","4"
"AGCAACACTGTAGC-1","1"
"CGACAAACAGAAGT-1","4"
"CGCCTAACCTCTTA-1","5"
"CAGGAACTTCTCCG-1","3"
"AGCCGTCTCTTAGG-1","5"
"TGCTTAACCGAACT-1","6"
"GTTAAATGTCCCAC-1","1"
"ATTGGTCTCTCTTA-1","4"
"CGTTAACTACCAAC-1","3"
"GAGGGATGCACCAA-1","1"
"GCGCGATGCATACG-1","1"
"AAACGCTGGTATGC-1","1"
"CGAGGAGAATGTCG-1","3"
"CAGCAATGTTGCTT-1","2"
"AGAACGCTGCGAAG-1","7"
"AATGCGTGCTCGAA-1","5"
"GAAGAATGTAACGC-1","3"
"TACCGGCTACACCA-1","4"
"CACATGGAGTTTCT-1","1"
"GCCAACCTTCGATG-1","4"
"CTCTAAACCAGAAA-1","5"
"TATGGGACAAGTGA-1","1"
"TACCGAGAGCGGAA-1","2"
"TCCATAACAAGTGA-1","5"
"CATTTGACGCAGTT-1","2"
"GCTACCTGCCGAAT-1","1"
"TACAAATGGCTAAC-1","3"
"ACGACCCTTGTGGT-1","1"
"AGACTGACTACTTC-1","1"
"CCCATGTGCTGTGA-1","4"
"AAGAACGACCACAA-1","1"
"TGTAAAACGGTAAA-1","1"
"AGTCGAACGTGAGG-1","7"
"AACTACCTAGGTTC-1","2"
"CATGAGACGGCAAG-1","3"
"TAAGGCTGCTAAGC-1","2"
"TATGTGCTCACCAA-1","2"
"ACTCCTCTAGCATC-1","1"
"ATCGACGACTTCTA-1","3"
"GATGCAACCAGAGG-1","5"
"ATCTCAACTGAAGA-1","1"
"GATTTGCTTCGCTC-1","1"
"AATTGATGTCTCAT-1","5"
"TGGTAGACACTGTG-1","5"
"GGGACCACTTCAGG-1","7"
"GTCACAGATACTCT-1","3"
"GACGGCACGGGTGA-1","1"
"CATGTACTCGTTGA-1","3"
"GACCATGATCTCAT-1","1"
"GATCGATGGAGAGC-1","7"
"GAGATAGATCTCTA-1","1"
"GATCGATGCCAGTA-1","1"
"CCGACTACAGTGCT-1","4"
"CACTTATGAGTGCT-1","7"
"AAGAAGACGGAAGC-1","3"
"GCTACCTGGCTTCC-1","4"
"GGGACCTGGTTCAG-1","4"
"GGCACTCTTTCTTG-1","2"
"GATCGATGATCACG-1","13"
"GGGCACACAGAGGC-1","1"
"CCAACCTGCGTCTC-1","4"
"ACAGGTACTTCTAC-1","1"
"TGCCACTGACAGTC-1","5"
"CACTGAGATGTTTC-1","7"
"CGCCATTGGCTACA-1","1"
"AACATTGAGAAACA-1","4"
"AAATCTGACCTTTA-1","5"
"ACGAACTGCGTACA-1","1"
"TGCCGACTCCTTCG-1","6"
"GGCAATACTGATGC-1","1"
"AGGTACTGCTTGTT-1","3"
"CGGAGGCTCCTTGC-1","1"
"AAACGCTGACCTCC-1","4"
"CGACTGCTATCTTC-1","4"
"ATATACGAGGAAAT-1","3"
"GTTACGGACTGTAG-1","3"
"TCCCTACTTTGTGG-1","2"
"TAGAATTGACACCA-1","1"
"CATGCCACCAACTG-1","1"
"GCGCGATGAGGAGC-1","1"
"GGACGCACAGGTCT-1","1"
"TTAGGTCTGGATTC-1","1"
"GTCCACTGTCTCCG-1","3"
"GGGATGGACATTGG-1","1"
"GCCATCACCTGTCC-1","14"
"CCTGACTGGCATCA-1","14"
"ACATACCTAGCCAT-1","5"
"CTATGTTGTGACTG-1","5"
"TTAGTCACAAGCCT-1","1"
"TCCTACCTTCCTAT-1","1"
"CTGACCACCCCTCA-1","1"
"GTTCATACTTCATC-1","1"
"GCTCAAGAGCAGTT-1","1"
"GCATTGGAGACGGA-1","1"
"TTAGGGACTGTGAC-1","1"
"TGCGATGATGGAGG-1","5"
"GACGTAACACGCTA-1","4"
"TGTAGGTGAGAACA-1","3"
"ATTCAAGAGCGTTA-1","3"
"TTCTTACTCGTAAC-1","4"
"AAGGCTACCCTCCA-1","1"
"ACTCTATGCGCAAT-1","4"
"GTTAGGTGCTGGAT-1","1"
"CATGAGACCCTTCG-1","5"
"AGGTCTGACGTTAG-1","2"
"CGAAGTACCTGACA-1","2"
"ACAAATTGCAACCA-1","1"
"GTGTGATGGGTGGA-1","4"
"TACCGCTGTGACAC-1","1"
"GATAGAGATCAGTG-1","1"
"GGTATCGATCGTAG-1","13"
"TAGGTGTGGGGCAA-1","2"
"GATTGGTGGGAGCA-1","3"
"CGACGTCTCGGGAA-1","1"
"ACTAAAACGAATAG-1","1"
"TGACACGAGAGGGT-1","2"
"GAGTCAACGAGCTT-1","5"
"GCACCTACTCCTAT-1","3"
"AACCTACTCTCGCT-1","1"
"GGCTAAACGAGGGT-1","3"
"ACCACAGAGGGTGA-1","3"
"CCTATTGACCGTAA-1","1"
"CGCCATACTACAGC-1","4"
"TAATGAACAGCGTT-1","3"
"CTAACACTCTTGAG-1","1"
"CAGACCCTGTGCTA-1","1"
"ACGGCTCTTTGGTG-1","1"
"TTCATGACACCAGT-1","3"
"TGGTATCTTCGTTT-1","1"
"TAGTTAGATTTGTC-1","4"
"ACAATTGAAGTCAC-1","1"
"TGAAGCACCACTAG-1","3"
"TGGCACCTCATGCA-1","5"
"CTATCCCTTTTCAC-1","5"
"CACTGCACACTTTC-1","3"
"GATCTTTGGCTGTA-1","3"
"ATGGTGACCGTCTC-1","4"
"AGTCCAGAGAAAGT-1","1"
"TTAGTCACTCCAAG-1","1"
"AGGAATGATTGCAG-1","1"
"AATTCCTGCCTGAA-1","12"
"CAAGACACTCAGGT-1","12"
"TAAGAGGAAGAGAT-1","4"
"CGACCTACGCAAGG-1","3"
"CCCTTACTTAAAGG-1","1"
"ATAGATTGTAGAAG-1","3"
"AACCGATGTCTACT-1","5"
"CTCATTGAACTCTT-1","1"
"TCAGGATGACCAAC-1","7"
"AACTACCTTCTCAT-1","4"
"TGACTGGAGGAAAT-1","2"
"GCGTAATGTACTGG-1","4"
"AGCATGACCACTAG-1","2"
"GAAGGTCTCAGCTA-1","5"
"CCGTAAGACTTGGA-1","1"
"ACCCTCGAAAGATG-1","9"
"TTATGAGAATCACG-1","2"
"TCTGATACCCACAA-1","3"
"CACGGGTGCCTAAG-1","5"
"TCCCGAACCATGGT-1","3"
"TTTGCATGCTCTCG-1","2"
"TTTCACGAACCTAG-1","5"
"GGAGTTTGAGCCTA-1","4"
"GAGCGGCTTTCACT-1","3"
"CCTACCGACCATAG-1","1"
"AATCAAACCCCACT-1","3"
"ACTTGGGAGTAAGA-1","12"
"ACGACCCTTCATTC-1","7"
"CGTCAAGATGCCCT-1","4"
"GCATTGGAGATACC-1","4"
"GCACGTCTCACACA-1","14"
"GACAGTTGTGGTCA-1","1"
"TCACCGTGTTCTTG-1","5"
"GGTATGACTTCTGT-1","1"
"GCGTAAACTTTACC-1","3"
"TGGAAAGACAGTCA-1","3"
"CCACTTCTACGACT-1","5"
"ATCACTTGTCTCGC-1","1"
"CAATTCACGTCAAC-1","1"
"TTCTGATGACCCTC-1","1"
"CGGCGAACAGGTTC-1","2"
"GGGTTATGCGAGAG-1","1"
"TAGGGACTCTTCTA-1","1"
"ACTGTTACCTGACA-1","1"
"CATAAAACGGGTGA-1","3"
"CTGAGAACATCGGT-1","11"
"GAGGATCTTTCTGT-1","3"
"AACGGTTGTTTCGT-1","4"
"ATGCCAGACTCGCT-1","2"
"CGAGGCACCTGTAG-1","3"
"ACCAGCCTCCTTCG-1","6"
"CCATTAACTGGTCA-1","3"
"TCAATAGATGTTTC-1","1"
"CTAACTACCCATAG-1","1"
"AACCAGTGTTGGCA-1","1"
"AACCAGTGCTAAGC-1","1"
"TGTGAGACTAGAAG-1","1"
"ACGGTATGCTACTT-1","3"
"TGTGGATGGATAAG-1","3"
"CGACAAACTACTGG-1","4"
"AGGCTAACAGTACC-1","5"
"TTACTCGAGGACAG-1","1"
"CTTTAGTGGGACAG-1","4"
"ATACGTCTGCCAAT-1","3"
"AAACATTGCTCGCT-1","3"
"GCGCATCTCCATAG-1","1"
"CATTGTACTTCAGG-1","5"
"GTGCAAACCGGAGA-1","1"
"ATATACGACTTGCC-1","3"
"GGTCAAACTAAGGA-1","4"
"CAAATATGATACCG-1","4"
"ATCACTACTAACGC-1","5"
"TCATCATGAAGAGT-1","7"
"GTTGACGAACACCA-1","14"
"ATTCCAACGACAAA-1","2"
"CGGCGAACACGGGA-1","3"
"AAATACTGACGACT-1","1"
"CAAATATGTTGTCT-1","1"
"GCGAGAGATAAAGG-1","1"
"GCCCAGGACGATAC-1","3"
"AGCATGACCGTACA-1","8"
"GGAGCAGAGCGAAG-1","4"
"AGGCAACTTTTGTC-1","3"
"GTGATCGATTTGGG-1","2"
"TTACAGCTTTGCGA-1","1"
"GACTTTACCATTGG-1","1"
"ACCCAAGATGTGCA-1","1"
"AAGGTCACTTCCCG-1","5"
"CTCAGAGATGAGGG-1","3"
"AGCCTCACTGATGC-1","5"
"CGGCGATGTGTTTC-1","5"
"ACTTCCCTCAGATC-1","1"
"CAACAGACTCAGAC-1","1"
"GATGCCCTACAGTC-1","12"
"CTGTATACTAGAGA-1","7"
"AGGATAGAGATAGA-1","1"
"TCATTGACAAGGTA-1","1"
"ATTCGACTGATAGA-1","6"
"CGGAGGCTACGTAC-1","12"
"ACTACGGACTGAGT-1","4"
"GTTAGTCTCTCAAG-1","8"
"AAGGCTACGGTTCA-1","5"
"TAGGCAACACACAC-1","1"
"GTTCATACAGCGGA-1","6"
"GCAGTTGAGGTAAA-1","1"
"CAGTCAGATTTGTC-1","1"
"ATTTCTCTGAATAG-1","3"
"TGCAAGACTGCAAC-1","1"
"CCTAAGGATGTCTT-1","1"
"TTTGACTGTTCGTT-1","3"
"CTATAAGAAGACTC-1","6"
"GTTAGGTGGGATTC-1","4"
"CTGAAGACCTTCCG-1","1"
"TCTAGACTACACCA-1","1"
"GATCGAACTGACTG-1","1"
"GCTTAACTAGAACA-1","7"
"ATACCGGACGGGAA-1","4"
"CCAGATGAGGACGA-1","1"
"ACGGCGTGCTTAGG-1","3"
"CAACCAGAGTTGCA-1","1"
"CCCAACACCGAACT-1","4"
"ACGGAACTCGTCTC-1","2"
"AGCCAATGGCGATT-1","14"
"CTGGCACTAACCAC-1","2"
"CTTGTATGTGTTCT-1","5"
"GAGGGAACAGTAGA-1","3"
"AAGTTATGGGTGTT-1","3"
"GCATGTGAAGGCGA-1","3"
"AGCGAACTCTACGA-1","3"
"GTTAGTCTCATGGT-1","1"
"TCCCGAACTAGACC-1","4"
"GTACGAACAGCCAT-1","1"
"GCATGTGATTTGGG-1","1"
"AGACACACTCTATC-1","3"
"GTAAGCACGTCAAC-1","2"
"GAGGGTGAGCAAGG-1","7"
"GAAGATGATTGAGC-1","4"
"GTTTAAGACATTCT-1","3"
"TAGTCTTGCAGAGG-1","2"
"AACAGAGATCATTC-1","3"
"GCCTAGCTCGGGAA-1","1"
"CAATAATGAAAAGC-1","2"
"CAGTGATGCATCAG-1","7"
"GAACAGCTGTCTTT-1","2"
"TATGCGGATTTCGT-1","3"
"TGCTGAGAAGACTC-1","6"
"TCAATCACATTGGC-1","1"
"CCTATAACATCACG-1","3"
"ACGACCCTCAGCTA-1","2"
"CTCCTACTAGCTAC-1","1"
"GCCTACACTCCGTC-1","2"
"GATTTGCTCGGGAA-1","8"
"TGCAATCTTGTTTC-1","7"
"AGCTTACTTCGTAG-1","12"
"TCGACGCTTTTCTG-1","4"
"CTGATTTGTCGTGA-1","1"
"CATGCCACCTACCC-1","2"
"ATCATCTGGCAGTT-1","4"
"TCACCGTGTCCCAC-1","3"
"AGAATGGATCCCAC-1","4"
"GCCTCATGCGTAGT-1","1"
"TATACCACGAGAGC-1","1"
"AGCCTCTGACCTTT-1","1"
"ACCGAAACTTCAGG-1","7"
"CAATTCACGTCCTC-1","6"
"TGCAACGAGTACCA-1","7"
"GTACCCTGATTCGG-1","3"
"ATCATCTGAGCCAT-1","3"
"ACGTTGGAGGGCAA-1","4"
"GTAGTCGACGGGAA-1","7"
"GCCGACGAAAGTAG-1","3"
"TTCGAGGAGTTTGG-1","1"
"TGCAATCTGTCGTA-1","4"
"ATTCCATGCGTAAC-1","1"
"GATAAGGAGCGGAA-1","3"
"AGCGCTCTCTCAGA-1","6"
"TGTCTAACGAGAGC-1","4"
"AACGGTTGTGTGGT-1","4"
"AAAGCAGAACAGCT-1","3"
"AATTGTGAAAAGTG-1","5"
"TGAAATTGGCTAAC-1","2"
"GATCGTGAATGACC-1","3"
"GCAACTGATAGACC-1","12"
"CAGGTAACATGGTC-1","4"
"GTGCAAACATGTGC-1","15"
"AACCACGAGTGCAT-1","5"
"ACCCTCGAAGAGGC-1","4"
"GACGAGGACGACTA-1","3"
"TCCCTACTTACTCT-1","4"
"GTTGATCTTACGCA-1","13"
"TAAATGTGGCTCCT-1","1"
"AGTCAGACGTATCG-1","3"
"AGTGACACAGCATC-1","7"
"ACAATCCTGAACTC-1","4"
"GGCTAATGCTATTC-1","1"
"GCACAAACACGGGA-1","3"
"CACTAGGACTCATT-1","3"
"CTTAAAGAATTCTC-1","16"
"AGGTCATGCTACTT-1","2"
"CTATAGCTTTTCGT-1","3"
"CCATATACAAGAAC-1","4"
"AAGCAAGATGCTGA-1","4"
"CCATTAACCACTTT-1","1"
"ATGCACGAAAAACG-1","2"
"CAGCACCTTACGAC-1","1"
"GCAGCCGAACGTAC-1","1"
"GCGGACTGTGGTCA-1","3"
"GCTCGACTACGTGT-1","1"
"CACCACTGCAGGAG-1","5"
"AGGGACGACGCAAT-1","3"
"GTCAATCTGTACCA-1","1"
"AAGCAAGATATCGG-1","1"
"GTAACGTGTTCCGC-1","3"
"TCAGTGGAACCATG-1","4"
"GACCTCACCGTTGA-1","1"
"CCTCTACTTTGTGG-1","5"
"TTTAGCTGTAGACC-1","14"
"CGTTAACTTCTCCG-1","4"
"AGCCACCTAAGGTA-1","4"
"AGCTCGCTCCTTTA-1","1"
"CCGCTATGCCTTAT-1","3"
"AAAGCAGACCCTAC-1","5"
"AGCACAACCCGAAT-1","1"
"AAAGATCTCCCTAC-1","1"
"TGGTCAGACTTGCC-1","4"
"AGGGTGGATATCTC-1","4"
"CCACTGACCGAGTT-1","1"
"TGCAAGACCGTACA-1","3"
"TACTCCCTTTGGCA-1","3"
"TGCCAAGACCTGAA-1","1"
"AGTTGTCTAACGGG-1","5"
"TAGATTGACAACCA-1","1"
"ATTCTTCTTCCTGC-1","8"
"AAATGTTGGCTGAT-1","5"
"GTGCTAGAGGACAG-1","1"
"CAGGTTGAGTTCTT-1","12"
"GACCAAACTGGTTG-1","1"
"TGACGATGAGTTCG-1","4"
"CCAGACCTCTGTCC-1","3"
"TAGCCCACAAGGCG-1","4"
"ACGGCGTGTTCCCG-1","7"
"CCGACACTCGGGAA-1","3"
"CTCGAAGAGATAGA-1","3"
"GAGTCTGAAAGAAC-1","5"
"GCCCATACGGGAGT-1","3"
"TTGAACCTTCTCGC-1","4"
"GGGACCACCTGTAG-1","3"
"GTAGTGTGCTGTGA-1","7"
"AGTAGGCTGTTGTG-1","14"
"ATATACGACGTTAG-1","4"
"TCACCGTGACTAGC-1","3"
"GGAGTTACACCAAC-1","1"
"ATCGCAGATGCGTA-1","2"
"ATGGACACAAAGTG-1","7"
"GCTCAAGAACACGT-1","5"
"GTCAACGAGTGAGG-1","4"
"ACTACGGATGTTTC-1","12"
"GCGTACCTGGACAG-1","1"
"CAATGGACCACAAC-1","7"
"ATCGCAGACCACAA-1","3"
"GGAGCGCTCCGAAT-1","1"
"TACGCAGACGCAAT-1","1"
"TATCTGACACGACT-1","1"
"CAGAAGCTACCAGT-1","7"
"TTTCAGTGTGCAGT-1","5"
"AACTTGCTCCTTAT-1","5"
"ATTCGACTGCTCCT-1","4"
"AGTTATGACCAGTA-1","9"
"CCGAAAACTGAGCT-1","16"
"GCAAGACTTGCTAG-1","1"
"AGTACGTGACGCTA-1","12"
"CAGGTATGACCAGT-1","1"
"TCACTATGTTCGTT-1","12"
"CCATTAACCGAACT-1","3"
"TACGCGCTTTGTCT-1","1"
"CTGTAACTCTATTC-1","7"
"TAAATCGACGAGAG-1","3"
"CAGAAGCTCCATGA-1","1"
"CACTAACTTGGTGT-1","4"
"AGGTTCGAATTCCT-1","5"
"ACGAGTACAACCAC-1","4"
"GCAGTTGAAGTTCG-1","1"
"AAGAAGACTTGTCT-1","3"
"GTGTATCTTTGACG-1","3"
"TAGTTCACAGAAGT-1","4"
"TGCTAGGAACTGGT-1","6"
"GTTGGATGGGTTTG-1","3"
"TAAGCTCTGAAGGC-1","1"
"GTCGCACTCTCGCT-1","2"
"TCCGAGCTAGCTCA-1","1"
"TGGAAGCTACAGTC-1","7"
"TACTTTCTACGCAT-1","7"
"CGTTATACAGGAGC-1","3"
"AGGGCGCTCAAAGA-1","5"
"CTATCCCTAGGTCT-1","1"
"GGATGTTGCCAATG-1","1"
"TCCGGACTTCGTAG-1","3"
"TACGCAGATCGTAG-1","5"
"ATATAGTGGGCATT-1","7"
"TGACTGGATTTGCT-1","7"
"AGCGAACTGTTTGG-1","5"
"CGCTACACAAACGA-1","2"
"GATTCTTGGGTACT-1","1"
"ATTGCTACCCATGA-1","1"
"TACGCAGAGCATCA-1","1"
"AACTACCTACACGT-1","1"
"CATACTACCGTACA-1","3"
"TAGTTAGATGTTCT-1","5"
"ATCCCGTGTCTGGA-1","8"
"AGAATTTGGTACAC-1","1"
"TACGCAGAAAGCAA-1","5"
"AAGATGGAATTCCT-1","8"
"TAGTCGGACAGCTA-1","4"
"GGGCCATGCTTATC-1","3"
"CTGACCACCCTCAC-1","14"
"CCGACTACTTGGTG-1","3"
"GTGAACACTGAAGA-1","1"
"CCCTCAGAACCTTT-1","1"
"ATTTCGTGAAAAGC-1","3"
"TTGGTACTAAGCAA-1","7"
"CGCTAAGATGACTG-1","3"
"AGAATGGAGCATCA-1","1"
"GAGGATCTTACTCT-1","4"
"TAAGATTGGTGTTG-1","1"
"CGGGCATGGGGTGA-1","3"
"ACGAAGCTGAATAG-1","1"
"CGGTAAACTCCGTC-1","1"
"ACTCCCGACTCAGA-1","3"
"CGCAACCTTGTCCC-1","4"
"GGAATCTGGGGAGT-1","8"
"CAGCGTCTTGACTG-1","1"
"GACACTGATGGTTG-1","2"
"TACGGAACTATGCG-1","3"
"ATCGCGCTACCTGA-1","7"
"AGCATGACAGCAAA-1","7"
"CGGCACGAAACCGT-1","4"
"AGGGCCACAGCGTT-1","8"
"AGGGCCACCTGATG-1","7"
"TGTAACCTTGGATC-1","2"
"AGGACTTGTACGCA-1","4"
"GAAAGTGACGCTAA-1","1"
"TTTCACGATTCCAT-1","2"
"GGCGACTGAGATCC-1","1"
"AGTAATTGACGGAG-1","3"
"GTGATTCTAAAGTG-1","16"
"GGTTGAACCTCCCA-1","2"
"TACGCGCTGGATCT-1","1"
"TAGGGACTGAGCTT-1","4"
"GTGAACACCATCAG-1","14"
"TAGAGCACGGGCAA-1","5"
"CCAAGTGAGTAAAG-1","1"
"ATGCGATGAGGCGA-1","4"
"TTTAGAGAAGGTCT-1","4"
"CGTGAATGGACAGG-1","3"
"ACAGTTCTTCGTAG-1","3"
"ATACCTACACACAC-1","5"
"CTAACACTCCTCAC-1","3"
"CTTGAACTGAATCC-1","12"
"GGCCCAGATCACCC-1","9"
"TTCGGAGAGTGCAT-1","1"
"TCAAGTCTGTCGTA-1","1"
"GATAGAGACTAGTG-1","2"
"AAAGTTTGGCCATA-1","12"
"GCCGACGATCGATG-1","12"
"GATGCATGCTTACT-1","1"
"TGCAAGACTCACGA-1","3"
"ATTAGTGACTTCTA-1","1"
"AGTTATGAGTTCTT-1","3"
"TAGTATGAGAGGAC-1","3"
"CAATAAACCATGAC-1","1"
"TGATAAACCTGTAG-1","5"
"GCACTGCTTCTGGA-1","1"
"TAGGGACTCTAGCA-1","1"
"ATCTACTGCAGAAA-1","3"
"TCAGTACTGAGGGT-1","12"
"GAGCTCCTATGCTG-1","3"
"ATATGAACGTTTGG-1","1"
"TAAACAACGTGAGG-1","12"
"AACCAGTGTTAGGC-1","3"
"ACGGCTCTTCTTCA-1","3"
"ATCGAGTGAACGAA-1","2"
"ATCTTTCTATTGGC-1","2"
"GAGTCTGAAAAGCA-1","4"
"ATATAGTGACCTAG-1","5"
"CCGACTACAGAGTA-1","1"
"AGAAAGTGCCTCGT-1","12"
"ACTCGCACAAGATG-1","1"
"CATGCGCTCACCAA-1","8"
"TGATTCTGGACAGG-1","5"
"CAGCACCTAGATCC-1","1"
"AACTGTCTTCACCC-1","3"
"CAGTTACTTGCCTC-1","1"
"CAGCAATGTGCGTA-1","3"
"AGGCAGGACCTATT-1","12"
"TCACATACAGAATG-1","4"
"GTACGTGATGCCAA-1","1"
"CTTACAACGCATAC-1","8"
"TCGTGAGATGACAC-1","1"
"GCGATATGGCTGAT-1","1"
"CGAGGGCTTAAGGA-1","4"
"AGGTACACCCTGAA-1","14"
"AGCACTGAAGCCTA-1","1"
"GGCAATACTGCTAG-1","1"
"CGATCCACACCAGT-1","4"
"TACGTACTACTCTT-1","1"
"CGAGTATGGCTATG-1","8"
"TACGACGACGCAAT-1","1"
"ATTTCCGACTCCCA-1","4"
"CCAGCACTACCCAA-1","2"
"CAGCAATGCTGTAG-1","1"
"ATGATATGTGCTCC-1","3"
"AAGATGGAGGTCAT-1","14"
"ATCGGTGAACAGTC-1","7"
"ACACATCTTTGACG-1","3"
"TCGATTTGGACGTT-1","4"
"CACCTGACATTTCC-1","2"
"TGGACCCTTCTAGG-1","12"
"TGTAGTCTGCCCTT-1","1"
"AGCGCCGATCCGAA-1","12"
"CCCTCAGAGCGAGA-1","1"
"TATCCAACGTCATG-1","12"
"ACGAACACCCTGAA-1","12"
"TTCTAGTGGGACGA-1","2"
"CTCAGCTGCTATGG-1","6"
"AAACGCACAGCCTA-1","8"
"TAGAATTGCTTCTA-1","1"
"AGCCTCTGACCTAG-1","1"
"CATCCCGATGAACC-1","3"
"CGTCCAACCAACCA-1","7"
"GCTTGAGAGGGATG-1","12"
"GCCAAATGGAAACA-1","2"
"CTTTACGACTTGAG-1","4"
"ATCACACTTAGTCG-1","1"
"TTCACCCTCAGAAA-1","2"
"AAGGCTTGCGCAAT-1","12"
"AGCCGTCTCAGGAG-1","3"
"TATGGGACCCTAAG-1","4"
"GTCCAGCTGATACC-1","7"
"CCAAGAACAAACGA-1","3"
"GAGATGCTGGACAG-1","4"
"ATAGGCTGTCGTTT-1","4"
"CCTAAGGAACGCAT-1","3"
"CTGACCACGTTTCT-1","1"
"GATTTAGAGGAAGC-1","8"
"CCTAAGGAACCCAA-1","4"
"ACGAACACGTACAC-1","6"
"CATAACCTTACGAC-1","5"
"AACGCCCTTCCTCG-1","7"
"GGATTTCTGATAAG-1","3"
"TGGAACTGTGATGC-1","3"
"CTGACCACTAAGCC-1","3"
"GCAAGACTATGTGC-1","3"
"ATCAAATGTACTCT-1","1"
"CGACCTACCTCCAC-1","1"
"CAAGCCCTCCTTCG-1","14"
"GAGCGAGATCTATC-1","1"
"GAGTAAGATTGCTT-1","1"
"GACTGTGATGACTG-1","1"
"CTTATCGAAGCCAT-1","1"
"GTATTCACACGCTA-1","12"
"CGGTACCTGGAGGT-1","1"
"ACCTCCGATGCTTT-1","4"
"ATTATGGACTACGA-1","1"
"ACCTGAGATAGAAG-1","15"
"ACTCGAGAAAAAGC-1","4"
"ACTAAAACTGCTTT-1","8"
"CCAGTCACCACTTT-1","4"
"CCAATTTGTTCTTG-1","1"
"CAAGACACTATTCC-1","5"
"AGCACAACATGACC-1","2"
"GTACTACTGGATTC-1","14"
"AAGCCAACCAGCTA-1","1"
"AAGTATACTGCCAA-1","4"
"TATCGACTGTCAAC-1","12"
"GAATGCTGGGTTTG-1","1"
"GTGGATTGGCATCA-1","5"
"ATCGCCACACCTGA-1","2"
"CAAACTCTCCTAAG-1","2"
"GAAATACTACACCA-1","5"
"TATCTGACTATCTC-1","2"
"TAGAGAGAGTTGCA-1","12"
"AGAGAATGTATGGC-1","6"
"TCCTAAACAACGTC-1","4"
"GCATCAGAGTAGGG-1","4"
"GAATGGCTACTACG-1","16"
"TTCTACGATTCAGG-1","1"
"TAAGAGGACTACGA-1","3"
"CCAGTCACCTGATG-1","4"
"GTTGACGACGTCTC-1","14"
"CTCATTGACATGAC-1","14"
"AATGTCCTGGAGTG-1","3"
"TGGAAGCTCCTGAA-1","12"
"AGCTGAACTCTACT-1","7"
"GTAGTCGAGGAGTG-1","1"
"TGACCGCTGCTTAG-1","3"
"GTTACTACGAGCAG-1","1"
"GTACCCTGAAGGCG-1","1"
"GGCACGTGATGTGC-1","6"
"TGATCACTGTTGAC-1","1"
"ACTGGCCTCGAGTT-1","4"
"ACTACTACGCGAAG-1","4"
"CTAGTTACATGCTG-1","1"
"TCCATCCTATTCTC-1","1"
"TCAGTACTATGCCA-1","3"
"AAACATTGCTTCTA-1","1"
"AATTCCTGAGCGTT-1","5"
"TAGCCCTGGGACAG-1","6"
"CACATGGACAAGCT-1","12"
"TGCATGGATAAGCC-1","3"
"AAGAATCTGTCCTC-1","5"
"ACAAGAGAAGGTTC-1","4"
"TACATCACGAGCAG-1","8"
"GACTGAACCCTTTA-1","1"
"TCTTCAGAGGATTC-1","4"
"GTAGTGACAGCGTT-1","4"
"TTTCACGAAAAGTG-1","3"
"ATAATGACACACCA-1","3"
"CGTACCACCTTCTA-1","2"
"CGATCCACGTATCG-1","1"
"CTATGTACTGATGC-1","2"
"TGGAACTGGTTGAC-1","1"
"AGAATGGATGCCTC-1","1"
"AGGAATGAGGGACA-1","1"
"GTCCACTGGACAAA-1","1"
"GAGGTTTGATAAGG-1","14"
"AGAGAAACCGGTAT-1","4"
"TAATGAACCCGTTC-1","5"
"AGCAAAGAAGTACC-1","2"
"ACGCCACTCCTGTC-1","8"
"AAATTGACTTCTAC-1","4"
"ATTAACGAAACGTC-1","4"
"CACTTTGATGCTAG-1","12"
"TAGTTAGAGCGAAG-1","1"
"AACCAGTGTCGTTT-1","1"
"TTATGCACCCAGTA-1","3"
"CGGAGGCTTGGTAC-1","1"
"TAGCCGCTCTTACT-1","8"
"ACACCAGATGACTG-1","3"
"TAACGTCTTTCGGA-1","2"
"ACGGGAGACGGAGA-1","14"
"TAGGTCGATGAGCT-1","2"
"ATTCAAGATCGTGA-1","11"
"TGCCCAACCTGGTA-1","1"
"ACCACAGAGCCCTT-1","14"
"GCCTACACATGGTC-1","12"
"TAGGCATGGTTCTT-1","8"
"AGAATTTGGTGTAC-1","2"
"GAGTGTTGCTCTAT-1","14"
"GAGCGCTGTTGCAG-1","12"
"CTCAGCTGCTAAGC-1","1"
"CCCGATTGTACGAC-1","7"
"ACTCCTCTTGACCA-1","14"
"TGACACGATTCCCG-1","1"
"ATCACGGAGGTATC-1","5"
"CCATATACGGATTC-1","3"
"TAACCGGAGGCAAG-1","4"
"TTCATTCTAGTCTG-1","12"
"AACATTGAGAGACG-1","1"
"AGCCGGACCTCGAA-1","1"
"ATTGCTACACTACG-1","2"
"ACACGTGAGTACGT-1","4"
"ATCCGCACGTAGCT-1","3"
"ATGTCGGACACTTT-1","3"
"CGTACAGATTTGCT-1","3"
"ATGGACACCCGAAT-1","4"
"CTGTGAGAACGTAC-1","1"
"GCAGATACGAGGAC-1","4"
"AGTCGCCTATCTTC-1","1"
"TCCAGAGAGGATCT-1","3"
"CTATCAACGCCTTC-1","2"
"GAAAGTGATGACTG-1","7"
"CAGTTGGACTGCTC-1","7"
"CCGATAGATAACCG-1","2"
"CGGGCATGGGAGCA-1","4"
"TGAATAACTTCAGG-1","4"
"TCCCGAACTATCTC-1","1"
"TCCATCCTTGCTGA-1","3"
"GATTTGCTTCGCCT-1","12"
"AATCGGTGGTCTGA-1","12"
"TACCGCTGCCTGAA-1","12"
"GTCCACTGCTGTAG-1","1"
"ATGTACCTAGTGTC-1","4"
"TCCCATCTCCGAAT-1","2"
"AGTCTACTCAACCA-1","1"
"GATTACCTATTGGC-1","4"
"GCGCACGACAAAGA-1","4"
"ACCTCGTGGCCATA-1","5"
"GTTCATACTATCTC-1","8"
"GGCCGATGTCTATC-1","1"
"AGCGCCGATGTTTC-1","8"
"GTAGTGTGCGCTAA-1","8"
"CCCTACGATCAAGC-1","1"
"AATACTGACCTCCA-1","3"
"TTCAGACTCCTTTA-1","8"
"ACTGTGGATGTAGC-1","5"
"ACGGTCCTAGGCGA-1","14"
"AGTAATACGACTAC-1","2"
"ATGTAAACGAATAG-1","2"
"ACTTCCCTGACAGG-1","7"
"AATCCTACTCGCTC-1","8"
"TCTTACGATCCGTC-1","2"
"AAACGGCTCTAGCA-1","12"
"CCCGATTGTCGTGA-1","4"
"CAGTCAGATGTCGA-1","4"
"TCCCAGACGTCACA-1","11"
"GTTATGCTTGCCCT-1","8"
"AACGCCCTCAGTCA-1","4"
"AGTCTTACCAACCA-1","1"
"GCTTGAGAGGACAG-1","1"
"CATGAGACGCTCCT-1","8"
"GCGTACCTGCAAGG-1","8"
"AATGGAGATCTACT-1","2"
"GAAGTCTGATGTGC-1","2"
"TAGTCACTGTTTCT-1","12"
"GTTAACCTATTCTC-1","2"
"AGACACACAACTGC-1","5"
"TGGTCAGACTTAGG-1","3"
"GCCCAGGATCAGGT-1","2"
"AGTTAAACGCTACA-1","1"
"TTCATGACAACGAA-1","1"
"ACTTCAACTGGTTG-1","8"
"TTGTAGCTGGTGGA-1","12"
"CTAAACCTCCCTAC-1","3"
"GGCTCACTATTGGC-1","8"
"GACGCTCTCCTTTA-1","3"
"ACGAAGCTACAGCT-1","8"
"TCACCCGAGTCACA-1","4"
"GACGTATGCTATGG-1","4"
"CAGTCAGATCTCTA-1","2"
"CAACCAGACCACAA-1","2"
"CGCTCATGTTAGGC-1","1"
"GGAAGGTGGAATCC-1","12"
"GGTGATACTGAGAA-1","3"
"CGGATATGTGTAGC-1","1"
"GATATAACGAGACG-1","3"
"CACCGGGACACCAA-1","4"
"AAACGGCTGGAGTG-1","3"
"GTTGACGACATGGT-1","7"
"GTCACAGATGGTTG-1","8"
"TACGCAGATACTCT-1","3"
"AAACGCACCTGGTA-1","8"
"GTTACTACGTCGAT-1","1"
"GCGATATGCTACTT-1","3"
"TGTGAGACAGAAGT-1","7"
"TTAGGGTGTAAGGA-1","1"
"TGACTGGATGAGGG-1","4"
"GCACTGCTTTCTAC-1","1"
"GCCACGGAGTCACA-1","1"
"CACTGAGACTCGAA-1","7"
"GCACGTCTTCGCAA-1","1"
"TATGGGACAGCCTA-1","8"
"TTCCTAGATGGTCA-1","3"
"ATAGGCTGGAGATA-1","8"
"ATGTCACTTTCCCG-1","1"
"TGTAATGAGAGGCA-1","8"
"CTAGGCCTGACAAA-1","8"
"GACTTTACGAAACA-1","8"
"TTGGGAACCACTCC-1","3"
"TAACTAGATAGTCG-1","4"
"TCGCAAGATTGCAG-1","4"
"AATACCCTAGTGCT-1","4"
"CCGTAAGACTTATC-1","3"
"GATCGATGCGGGAA-1","1"
"CACTCCGAGGTCTA-1","12"
"AACAGCACTCGCTC-1","3"
"GTCACAGATGCATG-1","2"
"TGGAACACTGAAGA-1","1"
"ACTCTATGTCTCCG-1","8"
"GTGACCCTAGCCTA-1","8"
"GGAGAGACTGCAAC-1","14"
"GCACGGTGAGAAGT-1","5"
"GGCTACCTCAGGAG-1","1"
"ACTACGGAGTTGAC-1","3"
"AACCCAGAGCTGAT-1","5"
"ATCACGGACATACG-1","1"
"GGTACAACTGTTCT-1","12"
"TGGAAAGATGGAGG-1","12"
"GAGGATCTTCGCTC-1","4"
"TGTAGGTGCATTGG-1","4"
"ACGTTTACCTGCTC-1","4"
"TAAGGGCTAAGGCG-1","4"
"TATGGGTGCGACAT-1","1"
"CATTAGCTTTAGGC-1","8"
"CACAGTGAGGAAAT-1","12"
"CAGGCCGAGAAAGT-1","3"
"GAACCAACACTGTG-1","1"
"GCTACCTGGTGCTA-1","2"
"ATGATAACTCATTC-1","2"
"CACCACTGGGAGCA-1","11"
"GATCGAACACTCAG-1","8"
"GCTATACTTCACGA-1","1"
"GACAGGGACTGTCC-1","2"
"ACGATCGACTACTT-1","3"
"TACAAATGCCAAGT-1","1"
"CCATCCGAGACGGA-1","5"
"ATGAGCACCTAAGC-1","8"
"CCAATTTGGTTGAC-1","8"
"GAAGGTCTCTGTGA-1","4"
"GCTTGAGATTCTAC-1","12"
"ATGATAACTCTCCG-1","7"
"CAACAGACGCGTAT-1","8"
"AACGGTACGCTGTA-1","3"
"AATGTCCTTTCTAC-1","2"
"CAGCGTCTATTCCT-1","2"
"GTAGCAACTGAAGA-1","1"
"TACTGGGACGTAGT-1","1"
"CATGTACTTTCCCG-1","2"
"AACGCATGTGCCAA-1","15"
"CCACCTGAAGCTAC-1","1"
"CTTACATGCGTGAT-1","4"
"CCCTGAACGGATTC-1","8"
"GCCACGGAAGAATG-1","8"
"CAATCGGACATCAG-1","1"
"TTCATCGAGAGGCA-1","4"
"TGTAACCTGTGCTA-1","4"
"CGTTAGGACTCAAG-1","12"
"ATCTCAACCACTTT-1","1"
"AGGGAGTGGCCATA-1","1"
"AATCCTACTGCAAC-1","4"
"AGTCGCCTCCTTTA-1","2"
"TTGGAGACCCTTCG-1","1"
"TTTCAGTGGTAGCT-1","1"
"TTAGACCTGGAAGC-1","8"
"TCTAGACTAAGTAG-1","4"
"AGCATTCTCCAAGT-1","8"
"CGCCTAACTTGAGC-1","1"
"TCATCAACAACGTC-1","4"
"CTATCAACACACAC-1","2"
"GAGGCCACGGTAGG-1","8"
"TTATTCCTTCTTAC-1","3"
"TAGGCAACTTTGTC-1","12"
"GCAGCCGATCTAGG-1","2"
"TGATTAGAATTCGG-1","2"
"TTAGGGTGGTGTTG-1","2"
"TTCCAAACTCAAGC-1","1"
"TGCACAGATGCCAA-1","1"
"GACGAGGACGACAT-1","2"
"GTAACGTGTCAGGT-1","8"
"AGGACTTGCCTTTA-1","8"
"CAAAGCACGTGCAT-1","3"
"ATTAGTGAAAAACG-1","5"
"GGACCCGACCTCAC-1","12"
"CCCGATTGAAGGCG-1","2"
"CATGAGACCTTGCC-1","15"
"CGACTCTGCAGTCA-1","1"
"ACGTTACTGTTGGT-1","15"
"CTCCATCTCTCGCT-1","1"
"GATCTTTGGCGATT-1","4"
"GAGGGAACCTTCTA-1","12"
"GCTAGATGGCGAGA-1","8"
"CCAGTGCTATACCG-1","8"
"TGACCGCTCCGTTC-1","8"
"CTCAGCTGACGGTT-1","12"
"CTGACAGAGGGTGA-1","1"
"TGCCAAGAACGTGT-1","8"
"TATCCTGAACTGGT-1","1"
"GGAACTACAACGTC-1","1"
"GGAATGCTAGTCGT-1","2"
"CGTCAAGAGTACAC-1","8"
"CGAGCCGAGCTCCT-1","4"
"GTGTATCTTAAGCC-1","12"
"GGAACTACCCAGTA-1","4"
"TATTGCTGACCTCC-1","2"
"CACGGGACACGGTT-1","4"
"ATTCGGGAAAAACG-1","4"
"CTCAGAGAGCAGAG-1","4"
"GCACCTTGAGGCGA-1","8"
"ATTCGACTTTGGTG-1","8"
"TGACTTTGTGCTAG-1","4"
"CTGATGGACGATAC-1","1"
"GGAATGCTCCCGTT-1","3"
"GGAGCCACGGACGA-1","2"
"CTAATGCTAACCAC-1","2"
"AGTGACTGCTTAGG-1","7"
"CGGATATGGGACGA-1","4"
"ATTCGGGAATGACC-1","2"
"GCACTGCTCATCAG-1","1"
"CCTCGAACTCCGTC-1","12"
"AATGTTGAGACACT-1","8"
"AACCTACTCACTCC-1","8"
"GGACTATGTTCGGA-1","1"
"TAAGTCCTATCAGC-1","1"
"TTCAAGCTCCGCTT-1","8"
"ATCGCAGAACGGAG-1","2"
"TAGGAGCTCCTGAA-1","2"
"AGGGACGAGAAAGT-1","8"
"CACAGAACATTCCT-1","2"
"ATGTTCACAATCGC-1","2"
"GAATGCACTTGGTG-1","4"
"GTGGAGGATTTCTG-1","1"
"ACGCCGGATATCGG-1","15"
"CGACAAACGTGCAT-1","4"
"TTATTCCTTTCTAC-1","1"
"CCAAGAACTCTCCG-1","8"
"GATTTAGACTGATG-1","4"
"ATTTCCGATGACAC-1","3"
"ACCCAAGAGACGAG-1","1"
"TCCGAAGACGGAGA-1","3"
"GGCCCAGAGTCCTC-1","7"
"CTCAGCTGACGGGA-1","8"
"CTGCGACTTAACGC-1","7"
"AAGAGATGCGAGTT-1","12"
"AATCGGTGGTTTCT-1","4"
"CACTATACAACCAC-1","7"
"TAGCCCACGACGAG-1","2"
"GGATTGTGACACCA-1","3"
"CCCAACTGGGGTGA-1","14"
"TCTTCAGATGCACA-1","1"
"GTCCAAGAGTTGGT-1","5"
"TAGAGAGACATGGT-1","1"
"GATTCGGATTACCT-1","12"
"GCGAAGGAAGTAGA-1","4"
"CGAGATTGTTTCAC-1","12"
"TCTCTAGAGCGAAG-1","3"
"GGACAGGAATGACC-1","2"
"CTGAATCTACCTTT-1","4"
"GACTGAACTCGACA-1","7"
"GGAGCGCTTCTCCG-1","3"
"ATACCGGAACACAC-1","2"
"GAGCAACTCCTTTA-1","1"
"TGCAAGACCCTGAA-1","2"
"GAACCAACATGTCG-1","15"
"ATCGCCACAACGGG-1","5"
"TACGACGAGTAAAG-1","1"
"GATGACACCCTTTA-1","2"
"AGGACTTGACCGAT-1","2"
"TGCTAGGAGTACCA-1","8"
"GATTGGACTACTGG-1","2"
"AGCATTCTGCTTAG-1","8"
"ACAATCCTATGCTG-1","2"
"TCCATAACCATGGT-1","8"
"CACGCTACGTCGAT-1","8"
"TTGGGAACCATGAC-1","11"
"TGCGCACTGCTGAT-1","1"
"TAGGACTGCTGTAG-1","1"
"TGACGAACAAGATG-1","2"
"ACTTGTACTGGTTG-1","2"
"AGTTATGACACTGA-1","2"
"CAGTTTACTTGAGC-1","2"
"GTAATATGCAAAGA-1","8"
"GCCACTACAAAACG-1","1"
"CCATTAACAACTGC-1","5"
"CGCCTAACCGTAAC-1","3"
"CTGGATGACTTTAC-1","8"
"GACGTAACAAAGTG-1","1"
"GCGACTCTTAAGCC-1","2"
"CGAGAACTACAGTC-1","3"
"TTTAGCTGATTGGC-1","4"
"AACAGCACTCTTAC-1","8"
"GGAACACTTGTCTT-1","2"
"TACATAGATGCTGA-1","1"
"CAAATTGAACCAGT-1","8"
"TACGGAACCCCAAA-1","4"
"ACCACAGATATTCC-1","2"
"CAATAATGAGTCAC-1","1"
"AAATCTGAGGTCAT-1","4"
"CGGCGAACTCACGA-1","8"
"TTCGTATGGAGCAG-1","8"
"ATCTGACTCAACCA-1","3"
"AGTGTTCTAAGGCG-1","1"
"AAGTTCCTCGTTGA-1","1"
"AGATCGTGGCGTAT-1","2"
"GCCACTACACGTTG-1","4"
"GTCTGAGACCTTTA-1","15"
"AACCACGAATAAGG-1","3"
"GTCCAGCTAGAGTA-1","2"
"CAGCTCTGGGGCAA-1","8"
"TGATTAGATTTCAC-1","4"
"TCTGATACCGATAC-1","1"
"TTGAGGTGATCTTC-1","15"
"ATAAGTACGTAAAG-1","8"
"TACGGAACAAAACG-1","1"
"ATTAACGAGTATGC-1","13"
"CTGACAGACTAAGC-1","8"
"CGAGGAGAAAGGCG-1","1"
"AAGTGCACTTGTCT-1","2"
"GATCGTGAGGACTT-1","12"
"TACTACACCTCGCT-1","3"
"ATCGCCACAAGTAG-1","8"
"TCGAGAACAGGTTC-1","2"
"CTAAGGACTATCGG-1","11"
"TATAAGTGGCGGAA-1","8"
"AGAGGTCTCTGATG-1","8"
"TCGCAAGAAGAATG-1","3"
"TATAGCCTGCTGAT-1","2"
"AGCGATACAGGTTC-1","2"
"GGATGTTGAACGAA-1","2"
"CTAGAGACCACAAC-1","8"
"TATGTGCTCACTCC-1","1"
"TAGCTACTTCGTGA-1","8"
"CAGAAGCTCGTGAT-1","2"
"TAAATGTGGCATCA-1","8"
"CTATAGCTTACTCT-1","1"
"TTCAAGCTTGGAAA-1","1"
"CACGACCTGACTAC-1","8"
"CGGTAAACCTCCCA-1","2"
"AGTCGCCTCGTAGT-1","1"
"AACGCCCTGCGAGA-1","1"
"CTAACGGATGCATG-1","2"
"ATCGGAACTCTCCG-1","8"
"CAGAAGCTCTCCCA-1","3"
"GGGAAGACGTTGTG-1","8"
"CCGCGAGAACCCAA-1","2"
"ATTGCTACGAACCT-1","2"
"TCTATGTGTAGTCG-1","2"
"GAACACACGGAGGT-1","2"
"TACACACTCTTACT-1","8"
"GGCCAGACCTCTAT-1","1"
"GAACACACAAGATG-1","2"
"TCACATACTAGAGA-1","3"
"CATGTACTAAGGTA-1","13"
"CTTACTGAGAGACG-1","8"
"GAGCGCTGACACAC-1","8"
"AAGGTCTGATGGTC-1","16"
"GACTGTGAAGACTC-1","2"
"AGGGCCTGCGAGTT-1","8"
"GTCTGAGAAGGCGA-1","2"
"AGCAAAGAGCCAAT-1","2"
"GTTAAAACACCATG-1","1"
"GTCTAACTCGTCTC-1","3"
"ATGAGCACGTGTAC-1","1"
"AAGAATCTTACTCT-1","8"
"GGTTGAACTACGAC-1","2"
"ATACTCTGGTTTGG-1","1"
"CTCGACACGGTTCA-1","2"
"CCATCCGACTTACT-1","1"
"CAAGGTTGAAGAAC-1","2"
"TGCTTAACAGCCTA-1","6"
"AACTCTTGACCACA-1","1"
"CATATAGAAGGGTG-1","2"
"GGACCTCTAGCATC-1","11"
"TGTTACTGTGAAGA-1","15"
"CACAATCTAACGGG-1","8"
"AATGCGTGTGCATG-1","16"
"GTTATAGATCGCAA-1","2"
"CGGTCACTTGCTAG-1","13"
"CATTGACTTTCGGA-1","3"
"ATTCTTCTTTGCTT-1","8"
"TATCAGCTCAGCTA-1","17"
"GTAGTCGAATTCGG-1","8"
"ATGTCGGATGCATG-1","1"
"CTTTACGAGATAGA-1","15"
"TTAACCACGAGAGC-1","2"
"TGATTAGAATCTCT-1","2"
"AGCGCTCTTCCGAA-1","13"
"TTTAGCTGTGATGC-1","16"
"TTCATGTGGAGATA-1","2"
"GCAGGGCTCTCTAT-1","1"
"CGAGATTGATTCTC-1","2"
"TACGAGTGCTCCAC-1","2"
"TTGAGGACCTCCAC-1","1"
"CAGATCGACTGCTC-1","15"
"CCTGACTGGCTACA-1","2"
"TACGCCACATTGGC-1","2"
"AACGCAACTTCTGT-1","2"
"CCATCCGAGGTTTG-1","1"
"GTGCAAACTGTAGC-1","2"
"CCCACATGTAGAGA-1","8"
"TCGGTAGACCACAA-1","1"
"TCACGAGAGTCATG-1","1"
"TGACTTACACACTG-1","1"
"AGGGTTTGCGCCTT-1","2"
"ATACAATGTCGTAG-1","3"
"CGTGCACTTTACCT-1","1"
"TCGGACCTGTCTTT-1","5"
"GCACGGTGTGCGTA-1","2"
"GACACTGAAGCCAT-1","3"
"ACAGTTCTCCCACT-1","2"
"GACTGTGAGAGAGC-1","2"
"CTTAACACCTGCAA-1","2"
"ACTCGCACGTCGTA-1","2"
"CTAGAGACACCATG-1","2"
"TTTCACGACACACA-1","15"
"CAGTGTGAATCGAC-1","5"
"ATACTCTGATCGTG-1","2"
"CCGGAGTGTTGCAG-1","15"
"CAGCCTTGCAGAGG-1","16"
"CCAGTCACTATCTC-1","16"
"TCTATGTGAAGATG-1","1"
"CTGAATCTTTATCC-1","3"
"TCAACACTGGACGA-1","1"
"ACGCCTTGTTGTGG-1","15"
"GTGATCGAGTTACG-1","2"
"TTTATCCTCCACCT-1","1"
"TGTGAGACGGCGAA-1","2"
"GTGTAGTGCAATCG-1","16"
"GGGCAAGACCAACA-1","1"
"TTAGACCTACCACA-1","2"
"GTAGTGACTTCTCA-1","2"
"AACGTCGATCTCCG-1","1"
"AAGCCTGAGCTGAT-1","2"
"TTGAGGACGCAGTT-1","1"
"CTAAGGACTGCTCC-1","2"
"AGTAGAGATATGCG-1","2"
"TCATTGACCCGCTT-1","7"
"TAGTACCTACGGGA-1","2"
"TACGTACTCTAGCA-1","3"
"GAACAGCTTGCATG-1","1"
"AAATCCCTGGTGGA-1","13"
